utr_number,reference,credit_amount,debit_amount,balance,transaction_date,description
UTR530695576621,RPZ_2C15D62O,31480.54,0.0,364382.64,2024-01-13,PAYMENT SETTLEMENT - ORD_00001
UTR757588502590,RPZ_SPHERWWZ,37922.78,0.0,339009.82,2024-02-16,PAYMENT SETTLEMENT - ORD_00002
UTR572366691587,RPZ_P9WYSG34,32532.33,0.0,219157.72,2024-02-27,PAYMENT SETTLEMENT - ORD_00004
UTR402604849119,RPZ_R6T5U9MX,236.77,0.0,125269.94,2024-02-04,PAYMENT SETTLEMENT - ORD_00005
UTR509350241572,RPZ_MIA7LAHS,33472.76,0.0,477862.39,2024-01-31,PAYMENT SETTLEMENT - ORD_00006
UTR853073979842,RPZ_S8MZ7BX3,36388.08,0.0,209367.53,2024-03-13,PAYMENT SETTLEMENT - ORD_00008
UTR142549281726,RPZ_Y4ICPFP0,19592.46,0.0,209358.46,2024-03-07,PAYMENT SETTLEMENT - ORD_00010
UTR592320322200,RPZ_NBGP2PSG,15917.76,0.0,365238.85,2024-03-07,PAYMENT SETTLEMENT - ORD_00011
UTR033086931999,RPZ_MFHBJ4TH,14458.26,0.0,322529.65,2024-01-25,PAYMENT SETTLEMENT - ORD_00012
UTR404973545578,RPZ_61Y04ZUA,2813.56,0.0,323056.55,2024-02-21,PAYMENT SETTLEMENT - ORD_00013
UTR339946041694,RPZ_SIBP9WQS,23160.62,0.0,350014.1,2024-02-04,PAYMENT SETTLEMENT - ORD_00014
UTR748826902044,RPZ_NOMUXXMR,14732.87,0.0,195610.42,2024-01-22,PAYMENT SETTLEMENT - ORD_00016
UTR133578481839,RPZ_RWGDLK19,33067.82,0.0,443654.07,2024-01-02,PAYMENT SETTLEMENT - ORD_00017
UTR506515208454,RPZ_O1ZY2L0G,31343.39,0.0,477590.62,2024-01-04,PAYMENT SETTLEMENT - ORD_00018
UTR879168997975,RPZ_BH1Q99I2,14382.92,0.0,438854.1,2024-03-21,PAYMENT SETTLEMENT - ORD_00019
UTR617949564226,RPZ_EQOG2VNS,29660.43,0.0,296454.8,2024-03-04,PAYMENT SETTLEMENT - ORD_00020
UTR155812657577,RPZ_ARNJUOZL,36824.68,0.0,144294.62,2024-03-17,PAYMENT SETTLEMENT - ORD_00026
UTR140349115260,RPZ_A6T63RAV,32384.09,0.0,270116.0,2024-02-11,PAYMENT SETTLEMENT - ORD_00027
UTR310396163096,RPZ_QOWJ6QT4,27147.41,0.0,290358.73,2024-03-20,PAYMENT SETTLEMENT - ORD_00028
UTR749798552959,RPZ_VZS0U425,39645.61,0.0,359577.46,2024-02-21,PAYMENT SETTLEMENT - ORD_00029
UTR637745220160,RPZ_ZT84LB3N,9774.4,0.0,271133.58,2024-02-19,PAYMENT SETTLEMENT - ORD_00031
UTR857647291560,RPZ_NT2MQZBM,36089.15,0.0,414693.42,2024-01-28,PAYMENT SETTLEMENT - ORD_00032
UTR493514387251,RPZ_8HJ6CCZI,6216.35,0.0,188483.78,2024-02-02,PAYMENT SETTLEMENT - ORD_00033
UTR038013103180,RPZ_3WDNIN9G,24183.67,0.0,315242.69,2024-01-06,PAYMENT SETTLEMENT - ORD_00034
UTR879077638753,RPZ_16PJCNSI,24248.31,0.0,214042.28,2024-02-19,PAYMENT SETTLEMENT - ORD_00035
UTR805805395946,RPZ_O05ZBNFM,24007.92,0.0,163500.83,2024-01-13,PAYMENT SETTLEMENT - ORD_00036
UTR041950233040,RPZ_EJERQQFB,24467.55,0.0,248794.99,2024-03-01,PAYMENT SETTLEMENT - ORD_00038
UTR965967525657,RPZ_YGYB627F,46057.17,0.0,218956.25,2024-03-29,PAYMENT SETTLEMENT - ORD_00039
UTR355498511097,RPZ_KUIN4J2V,4677.43,0.0,167862.93,2024-02-18,PAYMENT SETTLEMENT - ORD_00040
UTR564111847280,RPZ_Q3DNG535,19307.42,0.0,460046.24,2024-03-12,PAYMENT SETTLEMENT - ORD_00046
UTR644488181405,RPZ_CNQQNI4C,2879.89,0.0,151693.88,2024-01-12,PAYMENT SETTLEMENT - ORD_00047
UTR257687390860,RPZ_JF9XKOCO,4429.66,0.0,370841.29,2024-03-31,PAYMENT SETTLEMENT - ORD_00048
UTR589879487656,RPZ_LVQM35G1,35276.3,0.0,200048.21,2024-02-18,PAYMENT SETTLEMENT - ORD_00050
UTR253151891587,RPZ_BEQWJPD1,47242.0,0.0,415529.46,2024-02-16,PAYMENT SETTLEMENT - ORD_00051
UTR934500507579,RPZ_7WEEQJRQ,33043.38,0.0,261510.1,2024-01-28,PAYMENT SETTLEMENT - ORD_00052
UTR282178886146,RPZ_1MYM0MPL,48663.66,0.0,157517.0,2024-02-06,PAYMENT SETTLEMENT - ORD_00053
UTR191151137547,RPZ_DMUHP13Z,3265.47,0.0,153653.75,2024-01-08,PAYMENT SETTLEMENT - ORD_00055
UTR859525277327,RPZ_E529M66V,44067.14,0.0,314293.1,2024-03-01,PAYMENT SETTLEMENT - ORD_00056
UTR947865576922,RPZ_4UFMHVJM,40898.24,0.0,412676.85,2024-02-20,PAYMENT SETTLEMENT - ORD_00057
UTR442418486177,RPZ_BVI6PZ32,11639.73,0.0,185601.19,2024-02-10,PAYMENT SETTLEMENT - ORD_00059
UTR321097484092,RPZ_TL9MDOEN,42523.67,0.0,430415.72,2024-01-03,PAYMENT SETTLEMENT - ORD_00061
UTR865717455398,RPZ_EMZ3BQC3,22883.59,0.0,286953.3,2024-03-15,PAYMENT SETTLEMENT - ORD_00062
UTR815389046917,RPZ_H9T413U4,22015.22,0.0,288152.06,2024-03-29,PAYMENT SETTLEMENT - ORD_00063
UTR760485790925,RPZ_ICUREC91,25998.62,0.0,114897.27,2024-02-11,PAYMENT SETTLEMENT - ORD_00064
UTR622129126525,RPZ_6E3NHC7V,2083.58,0.0,474818.77,2024-02-14,PAYMENT SETTLEMENT - ORD_00065
UTR779445801866,RPZ_PHSN07H9,10575.49,0.0,433135.94,2024-01-17,PAYMENT SETTLEMENT - ORD_00068
UTR385927532710,RPZ_8Z5VRCS8,26491.95,0.0,344501.61,2024-02-05,PAYMENT SETTLEMENT - ORD_00069
UTR380365101040,RPZ_MDAM4HCS,22005.91,0.0,116139.01,2024-02-10,PAYMENT SETTLEMENT - ORD_00070
UTR855701023742,RPZ_LA5XT884,2620.63,0.0,481247.95,2024-02-18,PAYMENT SETTLEMENT - ORD_00073
UTR627265301640,RPZ_3NGB0FRZ,26612.9,0.0,422349.63,2024-02-08,PAYMENT SETTLEMENT - ORD_00074
UTR388264693947,RPZ_YHM5HORN,48875.39,0.0,193730.26,2024-03-30,PAYMENT SETTLEMENT - ORD_00077
UTR914688583033,RPZ_DQ0BRCYX,42398.65,0.0,436003.28,2024-03-27,PAYMENT SETTLEMENT - ORD_00078
UTR491375781983,RPZ_TR6GV5FR,38047.13,0.0,337823.23,2024-01-23,PAYMENT SETTLEMENT - ORD_00079
UTR045346661242,RPZ_235JFHLN,26181.2,0.0,357951.19,2024-02-05,PAYMENT SETTLEMENT - ORD_00080
UTR704862757173,RPZ_G4TZKJ51,6430.93,0.0,360608.69,2024-01-12,PAYMENT SETTLEMENT - ORD_00082
UTR966192263776,RPZ_HR1HHR43,1946.63,0.0,283843.49,2024-03-20,PAYMENT SETTLEMENT - ORD_00083
UTR463723159115,RPZ_X0P27THX,26341.37,0.0,367564.6,2024-02-10,PAYMENT SETTLEMENT - ORD_00084
UTR077006818221,RPZ_XYXY79UD,14148.25,0.0,306575.92,2024-02-29,PAYMENT SETTLEMENT - ORD_00085
UTR672555861095,RPZ_64YLZ76U,37809.13,0.0,372508.13,2024-01-30,PAYMENT SETTLEMENT - ORD_00086
UTR114520674093,RPZ_H42KNH3H,44211.09,0.0,351601.37,2024-03-30,PAYMENT SETTLEMENT - ORD_00087
UTR578811786209,RPZ_TSM9FJ2M,1467.76,0.0,184068.39,2024-01-17,PAYMENT SETTLEMENT - ORD_00088
UTR931915307510,RPZ_LQV9MB75,17219.51,0.0,152924.46,2024-03-22,PAYMENT SETTLEMENT - ORD_00089
UTR264013099653,RPZ_QOY70DBM,38801.1,0.0,237909.06,2024-04-03,PAYMENT SETTLEMENT - ORD_00090
UTR200312793110,RPZ_M4BJ3ZMV,24368.86,0.0,448540.02,2024-01-16,PAYMENT SETTLEMENT - ORD_00091
UTR776395215546,RPZ_VSJF9Z09,7156.89,0.0,376559.06,2024-01-16,PAYMENT SETTLEMENT - ORD_00092
UTR450141914541,RPZ_MVZNFYRV,40148.6,0.0,121622.67,2024-02-07,PAYMENT SETTLEMENT - ORD_00093
UTR008913907889,RPZ_TXNR7LO2,11835.38,0.0,478009.75,2024-02-18,PAYMENT SETTLEMENT - ORD_00094
UTR548236659254,RPZ_HHEVUSOV,28723.16,0.0,189678.13,2024-02-04,PAYMENT SETTLEMENT - ORD_00095
UTR080222450474,RPZ_SA5WRTMT,34167.7,0.0,348925.97,2024-02-22,PAYMENT SETTLEMENT - ORD_00097
UTR275123201530,RPZ_GTK98P31,41585.69,0.0,460958.22,2024-03-23,PAYMENT SETTLEMENT - ORD_00098
UTR740054690719,RPZ_9ZHS2E7E,14707.51,0.0,353330.15,2024-03-27,PAYMENT SETTLEMENT - ORD_00100
UTR793705685556,RPZ_M9NG8WF8,3752.47,0.0,261213.79,2024-03-31,PAYMENT SETTLEMENT - ORD_00101
UTR354596401622,RPZ_0EY61OF2,43814.04,0.0,294294.63,2024-01-12,PAYMENT SETTLEMENT - ORD_00102
UTR750646756946,RPZ_ORQ8WH2F,6420.79,0.0,349149.35,2024-01-04,PAYMENT SETTLEMENT - ORD_00103
UTR127695941329,RPZ_J8D3L8N9,690.72,0.0,203152.85,2024-01-16,PAYMENT SETTLEMENT - ORD_00104
UTR358399229167,RPZ_QL98H6H4,29147.46,0.0,314731.74,2024-02-01,PAYMENT SETTLEMENT - ORD_00106
UTR769969287597,RPZ_X2PZY6C4,44669.11,0.0,407452.36,2024-01-17,PAYMENT SETTLEMENT - ORD_00107
UTR781192478132,RPZ_IWT4Q23N,32658.06,0.0,453354.98,2024-04-03,PAYMENT SETTLEMENT - ORD_00108
UTR346791241572,RPZ_N8WV63UX,29957.86,0.0,139394.68,2024-02-16,PAYMENT SETTLEMENT - ORD_00109
UTR334644058576,RPZ_HMXNDSG5,1578.89,0.0,273060.33,2024-01-25,PAYMENT SETTLEMENT - ORD_00111
UTR924540280120,RPZ_TQZ3XVPI,3356.72,0.0,311841.98,2024-03-04,PAYMENT SETTLEMENT - ORD_00114
UTR332792731018,RPZ_JBHW0XJA,5913.41,0.0,119110.31,2024-02-18,PAYMENT SETTLEMENT - ORD_00115
UTR563411727175,RPZ_2PZAFEFE,29834.19,0.0,182355.51,2024-02-06,PAYMENT SETTLEMENT - ORD_00116
UTR149342646216,RPZ_QCKZMOU4,19493.47,0.0,296972.59,2024-04-02,PAYMENT SETTLEMENT - ORD_00117
UTR469705420016,RPZ_IZ2TBGX7,45748.61,0.0,319634.53,2024-02-25,PAYMENT SETTLEMENT - ORD_00118
UTR992613934253,RPZ_VEBGKWRQ,41730.87,0.0,489153.92,2024-03-07,PAYMENT SETTLEMENT - ORD_00120
UTR348056529179,RPZ_QV8J48U9,31025.05,0.0,178580.11,2024-01-22,PAYMENT SETTLEMENT - ORD_00122
UTR091266491120,RPZ_6M33GCC7,43810.64,0.0,413070.25,2024-01-13,PAYMENT SETTLEMENT - ORD_00124
UTR375489667901,RPZ_FM7DPVHY,37188.32,0.0,474784.5,2024-01-21,PAYMENT SETTLEMENT - ORD_00125
UTR127581607292,RPZ_5R5W9BLE,2586.07,0.0,455663.31,2024-01-07,PAYMENT SETTLEMENT - ORD_00129
UTR220476827126,RPZ_T0RL4ML1,43287.32,0.0,127030.28,2024-01-03,PAYMENT SETTLEMENT - ORD_00130
UTR672143365230,RPZ_87BVAAHP,48055.68,0.0,306316.4,2024-03-03,PAYMENT SETTLEMENT - ORD_00131
UTR037529910578,RPZ_OJ7F36QU,4215.24,0.0,125510.89,2024-03-01,PAYMENT SETTLEMENT - ORD_00133
UTR104865122454,RPZ_BK7LDEF1,36451.5,0.0,390510.65,2024-01-06,PAYMENT SETTLEMENT - ORD_00136
UTR593990848126,RPZ_OHYH66AU,11854.04,0.0,121786.81,2024-02-03,PAYMENT SETTLEMENT - ORD_00137
UTR583502616840,RPZ_KTKEXQK2,34829.73,0.0,317808.84,2024-01-23,PAYMENT SETTLEMENT - ORD_00138
UTR669421750111,RPZ_6RI8DPEW,32988.19,0.0,210158.8,2024-03-10,PAYMENT SETTLEMENT - ORD_00139
UTR952942709154,RPZ_OE9P02RY,35089.91,0.0,342620.06,2024-03-22,PAYMENT SETTLEMENT - ORD_00141
UTR968771820983,RPZ_CHKHUISU,9049.91,0.0,236733.6,2024-03-03,PAYMENT SETTLEMENT - ORD_00142
UTR814072615037,RPZ_ZZZ3ONBP,13243.02,0.0,158966.08,2024-02-11,PAYMENT SETTLEMENT - ORD_00146
UTR353033101665,RPZ_ETIIAR7J,47394.23,0.0,489620.59,2024-02-29,PAYMENT SETTLEMENT - ORD_00150
UTR585657941368,RPZ_FZJ3G8J9,45835.12,0.0,419442.72,2024-03-29,PAYMENT SETTLEMENT - ORD_00151
UTR974105658872,RPZ_8TA4XSXA,23144.97,0.0,132455.73,2024-03-16,PAYMENT SETTLEMENT - ORD_00154
UTR076292568703,RPZ_G0T8H8AZ,39170.59,0.0,302853.36,2024-03-22,PAYMENT SETTLEMENT - ORD_00155
UTR642788204686,RPZ_VNNQD5TT,43041.71,0.0,476487.29,2024-03-11,PAYMENT SETTLEMENT - ORD_00156
UTR799621674929,RPZ_UN2DRVE2,25208.2,0.0,463981.81,2024-01-17,PAYMENT SETTLEMENT - ORD_00157
UTR553136154629,RPZ_RBA4HK4G,44387.72,0.0,318896.47,2024-01-21,PAYMENT SETTLEMENT - ORD_00162
UTR524196833133,RPZ_CPPKAPNN,4724.93,0.0,449668.36,2024-03-10,PAYMENT SETTLEMENT - ORD_00163
UTR268620255719,RPZ_F41KGEVJ,40936.82,0.0,114616.08,2024-02-09,PAYMENT SETTLEMENT - ORD_00164
UTR957767156809,RPZ_3F2F7M2I,606.8,0.0,299042.57,2024-01-29,PAYMENT SETTLEMENT - ORD_00165
UTR116538427926,RPZ_X8UBMM36,37507.7,0.0,478966.22,2024-02-24,PAYMENT SETTLEMENT - ORD_00166
UTR540145187295,RPZ_39H32CYU,45573.18,0.0,162693.3,2024-03-20,PAYMENT SETTLEMENT - ORD_00167
UTR371059468705,RPZ_4SD4GTYT,27041.32,0.0,452036.25,2024-03-04,PAYMENT SETTLEMENT - ORD_00169
UTR991233236003,RPZ_TW7K593T,22513.26,0.0,467640.61,2024-02-26,PAYMENT SETTLEMENT - ORD_00172
UTR644405547978,RPZ_PGNZHTX3,18604.86,0.0,167825.16,2024-01-09,PAYMENT SETTLEMENT - ORD_00173
UTR084982906077,RPZ_HL3KERAV,11894.11,0.0,199239.43,2024-02-21,PAYMENT SETTLEMENT - ORD_00174
UTR170649821700,RPZ_2IXDFMK2,26751.34,0.0,339274.71,2024-01-21,PAYMENT SETTLEMENT - ORD_00176
UTR760409182990,RPZ_OTR6Y5G5,31048.21,0.0,223541.7,2024-03-15,PAYMENT SETTLEMENT - ORD_00177
UTR707493226950,RPZ_VMJQ62EP,10810.65,0.0,142224.69,2024-03-23,PAYMENT SETTLEMENT - ORD_00178
UTR150348300613,RPZ_NOKP8E9H,33213.44,0.0,479142.59,2024-02-06,PAYMENT SETTLEMENT - ORD_00180
UTR145034754529,RPZ_NNIMBXXX,8050.75,0.0,321902.71,2024-02-24,PAYMENT SETTLEMENT - ORD_00181
UTR274093824239,RPZ_YIBDJVYK,21537.99,0.0,151881.44,2024-01-28,PAYMENT SETTLEMENT - ORD_00182
UTR541770077768,RPZ_NB2Q5W47,1438.82,0.0,264777.89,2024-03-22,PAYMENT SETTLEMENT - ORD_00183
UTR014997568238,RPZ_SJBQC0ZP,16037.08,0.0,155107.7,2024-02-27,PAYMENT SETTLEMENT - ORD_00184
UTR176266248618,RPZ_JXYDPU83,38948.72,0.0,297815.65,2024-01-23,PAYMENT SETTLEMENT - ORD_00186
UTR171398313461,RPZ_01H2WJ7N,24337.4,0.0,484183.87,2024-02-09,PAYMENT SETTLEMENT - ORD_00187
UTR072884726131,RPZ_USNY1TPI,6439.32,0.0,166928.94,2024-01-17,PAYMENT SETTLEMENT - ORD_00189
UTR507554498158,RPZ_QS976S36,16691.27,0.0,210028.08,2024-03-22,PAYMENT SETTLEMENT - ORD_00190
UTR132192547722,RPZ_OKZ5DAIQ,42627.83,0.0,286927.64,2024-02-05,PAYMENT SETTLEMENT - ORD_00191
UTR907210810774,RPZ_LWOSXMPY,35073.59,0.0,174558.26,2024-03-07,PAYMENT SETTLEMENT - ORD_00193
UTR312053865286,RPZ_WTB9EFCJ,13182.31,0.0,142108.76,2024-03-06,PAYMENT SETTLEMENT - ORD_00194
UTR611187321964,RPZ_KLSFRV06,652.42,0.0,233197.44,2024-01-19,PAYMENT SETTLEMENT - ORD_00195
UTR135123669699,RPZ_GQTMBYWM,33430.35,0.0,242674.39,2024-03-07,PAYMENT SETTLEMENT - ORD_00196
UTR603132032392,RPZ_7IPGHNNK,21252.61,0.0,383916.42,2024-02-04,PAYMENT SETTLEMENT - ORD_00197
UTR701910171686,RPZ_LNF71GRD,16601.55,0.0,454163.5,2024-03-07,PAYMENT SETTLEMENT - ORD_00198
UTR995031261201,RPZ_7DYPOIE0,48562.59,0.0,438584.62,2024-03-11,PAYMENT SETTLEMENT - ORD_00199
UTR373572317165,RPZ_8WD1XHJ7,18041.62,0.0,161870.92,2024-02-17,PAYMENT SETTLEMENT - ORD_00200
UTR741941429484,RPZ_GNNB7E8H,47972.7,0.0,339358.53,2024-01-27,PAYMENT SETTLEMENT - ORD_00201
UTR090918052921,RPZ_LQ556CL8,43487.2,0.0,286835.45,2024-01-23,PAYMENT SETTLEMENT - ORD_00202
UTR559237951352,RPZ_3HGJR1ZU,37539.56,0.0,333958.99,2024-02-19,PAYMENT SETTLEMENT - ORD_00203
UTR997831387912,RPZ_NOKIEOJZ,13362.65,0.0,204836.39,2024-01-14,PAYMENT SETTLEMENT - ORD_00204
UTR513460369519,RPZ_X14OWQBQ,29741.77,0.0,249810.39,2024-01-29,PAYMENT SETTLEMENT - ORD_00205
UTR042023358835,RPZ_3ALLSMN1,42185.65,0.0,429566.3,2024-02-22,PAYMENT SETTLEMENT - ORD_00209
UTR713378845214,RPZ_CRCA33CX,20071.9,0.0,297163.12,2024-02-17,PAYMENT SETTLEMENT - ORD_00210
UTR512376684570,RPZ_2KKO0STL,48664.86,0.0,395391.02,2024-03-03,PAYMENT SETTLEMENT - ORD_00212
UTR351561942472,RPZ_SRFVOSTC,15648.14,0.0,270360.13,2024-01-24,PAYMENT SETTLEMENT - ORD_00213
UTR878412672159,RPZ_9XDXNWRU,28536.5,0.0,319859.57,2024-04-02,PAYMENT SETTLEMENT - ORD_00214
UTR111043977132,RPZ_8B54Y8SF,25154.29,0.0,279076.12,2024-01-19,PAYMENT SETTLEMENT - ORD_00217
UTR525832971544,RPZ_JWDI53NU,42169.45,0.0,106863.12,2024-03-01,PAYMENT SETTLEMENT - ORD_00220
UTR748833308771,RPZ_CPJWVVTR,42167.68,0.0,291786.45,2024-02-29,PAYMENT SETTLEMENT - ORD_00221
UTR220922932792,RPZ_UOVA1RKI,48632.55,0.0,298370.39,2024-02-08,PAYMENT SETTLEMENT - ORD_00222
UTR720928799640,RPZ_8XSR4Z47,12689.1,0.0,139638.05,2024-01-15,PAYMENT SETTLEMENT - ORD_00223
UTR102300467360,RPZ_NL7ULAEL,12666.19,0.0,224034.33,2024-02-04,PAYMENT SETTLEMENT - ORD_00225
UTR073323924772,RPZ_QHKSRUJY,36197.34,0.0,281815.44,2024-02-19,PAYMENT SETTLEMENT - ORD_00226
UTR227385149661,RPZ_EGP00C6X,41558.93,0.0,154514.7,2024-03-09,PAYMENT SETTLEMENT - ORD_00228
UTR139919836335,RPZ_T7QEYVPS,38577.25,0.0,294508.43,2024-03-13,PAYMENT SETTLEMENT - ORD_00230
UTR727971036052,RPZ_NJOOSGJH,17087.59,0.0,452854.43,2024-04-01,PAYMENT SETTLEMENT - ORD_00231
UTR033715954354,RPZ_FOIISMN9,11450.17,0.0,492803.46,2024-02-13,PAYMENT SETTLEMENT - ORD_00237
UTR710787239278,RPZ_AH9ZD7MW,26648.7,0.0,378435.03,2024-03-23,PAYMENT SETTLEMENT - ORD_00238
UTR733305120728,RPZ_XMSSOJEU,29125.97,0.0,239154.75,2024-02-02,PAYMENT SETTLEMENT - ORD_00240
UTR553427636660,RPZ_CL3EPWUF,450.8,0.0,284700.22,2024-01-21,PAYMENT SETTLEMENT - ORD_00242
UTR146022576512,RPZ_TFW4MWFO,32269.25,0.0,240141.62,2024-02-01,PAYMENT SETTLEMENT - ORD_00245
UTR608284020519,RPZ_FS0L4VU2,28179.66,0.0,144342.05,2024-01-10,PAYMENT SETTLEMENT - ORD_00246
UTR299239618372,RPZ_U79SM112,18734.81,0.0,112350.85,2024-01-12,PAYMENT SETTLEMENT - ORD_00248
UTR036672417951,RPZ_Z9ALI33E,11898.26,0.0,366086.37,2024-03-31,PAYMENT SETTLEMENT - ORD_00251
UTR496454106241,RPZ_0YP5A4M0,30752.01,0.0,225157.59,2024-03-09,PAYMENT SETTLEMENT - ORD_00253
UTR180091916636,RPZ_PJSN8GBU,36433.68,0.0,455674.89,2024-03-07,PAYMENT SETTLEMENT - ORD_00254
UTR851360755075,RPZ_NE41P7EL,26978.35,0.0,262042.97,2024-03-08,PAYMENT SETTLEMENT - ORD_00255
UTR916223579181,RPZ_TEP70JMC,35811.74,0.0,176649.77,2024-01-23,PAYMENT SETTLEMENT - ORD_00256
UTR057562038990,RPZ_SHI4WYL5,40009.22,0.0,273190.58,2024-01-14,PAYMENT SETTLEMENT - ORD_00257
UTR063778048463,RPZ_E8Q3F7VM,29150.69,0.0,127792.35,2024-01-03,PAYMENT SETTLEMENT - ORD_00258
UTR125333729274,RPZ_NZY53QSQ,48443.17,0.0,138410.85,2024-02-24,PAYMENT SETTLEMENT - ORD_00259
UTR351609815128,RPZ_CDXVHO13,35337.41,0.0,213282.02,2024-02-28,PAYMENT SETTLEMENT - ORD_00261
UTR923762789438,RPZ_GHNQHOMU,1016.56,0.0,293887.08,2024-03-03,PAYMENT SETTLEMENT - ORD_00262
UTR042003476136,RPZ_85I9EGSY,30862.25,0.0,228333.08,2024-03-16,PAYMENT SETTLEMENT - ORD_00263
UTR970170068538,RPZ_8HZLG2ZD,572.18,0.0,385690.64,2024-02-06,PAYMENT SETTLEMENT - ORD_00266
UTR127382465226,RPZ_DCVZV1V9,44770.19,0.0,289514.34,2024-03-13,PAYMENT SETTLEMENT - ORD_00268
UTR592851175342,RPZ_02IO1BXX,523.97,0.0,499207.32,2024-03-17,PAYMENT SETTLEMENT - ORD_00269
UTR490884519046,RPZ_MT5A5UXD,5140.48,0.0,490334.77,2024-01-19,PAYMENT SETTLEMENT - ORD_00271
UTR219004457076,RPZ_IAVN7AA7,564.05,0.0,343451.74,2024-01-03,PAYMENT SETTLEMENT - ORD_00272
UTR976490206111,RPZ_5TTQSS35,8639.52,0.0,130840.29,2024-02-16,PAYMENT SETTLEMENT - ORD_00273
UTR760677917340,RPZ_ELXUAX2A,13758.6,0.0,330665.38,2024-03-26,PAYMENT SETTLEMENT - ORD_00274
UTR994821666657,RPZ_X7VJ2ZXT,45658.07,0.0,232075.72,2024-03-08,PAYMENT SETTLEMENT - ORD_00275
UTR364061955661,RPZ_H11OYC8M,35431.2,0.0,352520.22,2024-03-10,PAYMENT SETTLEMENT - ORD_00277
UTR493927374195,RPZ_0WMEB9LE,7513.03,0.0,411722.91,2024-02-17,PAYMENT SETTLEMENT - ORD_00279
UTR727138481998,RPZ_6MMBM7OO,40128.77,0.0,248783.95,2024-01-29,PAYMENT SETTLEMENT - ORD_00280
UTR371640108427,RPZ_H8RIK01J,44209.78,0.0,386339.07,2024-03-29,PAYMENT SETTLEMENT - ORD_00281
UTR081296609188,RPZ_LA0PE1SW,42785.79,0.0,178951.15,2024-03-08,PAYMENT SETTLEMENT - ORD_00283
UTR342879108266,RPZ_RRGJCVXD,33651.72,0.0,315659.29,2024-03-19,PAYMENT SETTLEMENT - ORD_00284
UTR606355935287,RPZ_JOGTGBHJ,14590.33,0.0,355011.9,2024-03-05,PAYMENT SETTLEMENT - ORD_00285
UTR639993933366,RPZ_4WBRNQLX,17910.54,0.0,317249.42,2024-03-16,PAYMENT SETTLEMENT - ORD_00288
UTR651920487513,RPZ_UXOAFNYR,19234.88,0.0,233692.49,2024-01-18,PAYMENT SETTLEMENT - ORD_00289
UTR697821104736,RPZ_49IJKVSN,11468.65,0.0,278720.02,2024-02-22,PAYMENT SETTLEMENT - ORD_00290
UTR810454423582,RPZ_UN32G9VZ,27587.9,0.0,323760.55,2024-02-19,PAYMENT SETTLEMENT - ORD_00291
UTR543863573162,RPZ_KBU8Q5YG,12258.51,0.0,332305.94,2024-02-21,PAYMENT SETTLEMENT - ORD_00293
UTR893838684871,RPZ_6MIZ11TK,1717.23,0.0,460189.71,2024-03-21,PAYMENT SETTLEMENT - ORD_00294
UTR401625754383,RPZ_RMBZPNX5,1678.05,0.0,150263.76,2024-02-17,PAYMENT SETTLEMENT - ORD_00296
UTR461923988327,RPZ_P6P8OZ2R,486.76,0.0,337850.65,2024-03-18,PAYMENT SETTLEMENT - ORD_00297
UTR622982131754,RPZ_8GXN82LF,42506.87,0.0,422442.59,2024-02-10,PAYMENT SETTLEMENT - ORD_00298
UTR430919165923,RPZ_MOYANDST,21507.88,0.0,319358.28,2024-03-03,PAYMENT SETTLEMENT - ORD_00300
UTR922258861820,RPZ_4RLE2JRQ,18167.7,0.0,107554.44,2024-01-25,PAYMENT SETTLEMENT - ORD_00301
UTR418684076163,RPZ_2RDGKQFL,27940.56,0.0,172762.17,2024-01-27,PAYMENT SETTLEMENT - ORD_00306
UTR249745795405,RPZ_UZ2NPYBN,47294.8,0.0,219543.44,2024-02-18,PAYMENT SETTLEMENT - ORD_00307
UTR970272696291,RPZ_RGE2Y5RG,20881.22,0.0,349640.52,2024-02-19,PAYMENT SETTLEMENT - ORD_00308
UTR688821572552,RPZ_R0LISTTR,46516.02,0.0,125755.88,2024-02-11,PAYMENT SETTLEMENT - ORD_00309
UTR192311098267,RPZ_FL18CB30,17818.73,0.0,117952.18,2024-01-22,PAYMENT SETTLEMENT - ORD_00311
UTR798452315367,RPZ_US1T9I60,1892.05,0.0,256419.15,2024-03-25,PAYMENT SETTLEMENT - ORD_00312
UTR844086649748,RPZ_55PY8N37,20670.89,0.0,301508.83,2024-02-18,PAYMENT SETTLEMENT - ORD_00313
UTR194311568128,RPZ_OP3O10I5,12986.51,0.0,260356.92,2024-01-08,PAYMENT SETTLEMENT - ORD_00314
UTR928448641088,RPZ_ONXJP74T,22967.25,0.0,290835.85,2024-01-27,PAYMENT SETTLEMENT - ORD_00315
UTR885692510896,RPZ_HI5CP4A1,43782.91,0.0,432084.72,2024-02-07,PAYMENT SETTLEMENT - ORD_00316
UTR318932449425,RPZ_WLG6D3S9,35715.98,0.0,278904.29,2024-01-07,PAYMENT SETTLEMENT - ORD_00317
UTR190963791617,RPZ_4KQZT134,19689.37,0.0,477186.6,2024-03-20,PAYMENT SETTLEMENT - ORD_00318
UTR437078225458,RPZ_FT2ZAGAC,14565.32,0.0,485723.39,2024-02-01,PAYMENT SETTLEMENT - ORD_00320
UTR325393191354,RPZ_TPIK2HYY,2312.93,0.0,194154.5,2024-04-03,PAYMENT SETTLEMENT - ORD_00321
UTR684600393785,RPZ_OKLLC4T3,36705.94,0.0,134619.63,2024-02-16,PAYMENT SETTLEMENT - ORD_00322
UTR608606352475,RPZ_8PB7TG12,11794.08,0.0,395763.84,2024-04-01,PAYMENT SETTLEMENT - ORD_00323
UTR931833329643,RPZ_QO5LX6JL,34566.33,0.0,462659.52,2024-02-22,PAYMENT SETTLEMENT - ORD_00324
UTR539582914259,RPZ_76GI77FB,20970.19,0.0,444631.53,2024-01-08,PAYMENT SETTLEMENT - ORD_00325
UTR489658102256,RPZ_R9WIYHX4,47978.2,0.0,259028.78,2024-02-19,PAYMENT SETTLEMENT - ORD_00326
UTR232469048357,RPZ_FSMW05PI,20215.89,0.0,137721.28,2024-03-01,PAYMENT SETTLEMENT - ORD_00328
UTR218499764514,RPZ_MFR2P9FJ,22879.38,0.0,282459.45,2024-02-01,PAYMENT SETTLEMENT - ORD_00330
UTR185946533209,RPZ_BNN8IIAF,8492.9,0.0,128245.05,2024-01-11,PAYMENT SETTLEMENT - ORD_00332
UTR536360759918,RPZ_X1BQ92MY,27433.22,0.0,322131.5,2024-01-19,PAYMENT SETTLEMENT - ORD_00334
UTR457769890146,RPZ_SD71SDXE,34666.19,0.0,410154.16,2024-02-05,PAYMENT SETTLEMENT - ORD_00336
UTR558751085752,RPZ_5ZJYRSJ6,9257.09,0.0,286717.05,2024-01-09,PAYMENT SETTLEMENT - ORD_00338
UTR756036843825,RPZ_WJB2MHPS,5326.69,0.0,296805.52,2024-02-02,PAYMENT SETTLEMENT - ORD_00339
UTR116377939728,RPZ_M4GADT41,29846.52,0.0,409948.69,2024-01-16,PAYMENT SETTLEMENT - ORD_00340
UTR843817824860,RPZ_QUL4NZGP,32720.93,0.0,255208.44,2024-02-13,PAYMENT SETTLEMENT - ORD_00341
UTR562432657659,RPZ_46SPH9T1,33994.14,0.0,116791.22,2024-03-04,PAYMENT SETTLEMENT - ORD_00342
UTR576594763144,RPZ_MHG1SD5Q,29655.92,0.0,442823.29,2024-01-10,PAYMENT SETTLEMENT - ORD_00343
UTR323328716304,RPZ_PNHVHI5U,1190.81,0.0,154469.17,2024-03-01,PAYMENT SETTLEMENT - ORD_00344
UTR696018343675,RPZ_D8QWHMNR,33085.58,0.0,471459.19,2024-01-15,PAYMENT SETTLEMENT - ORD_00345
UTR997130126265,RPZ_KYYCJOJ0,34698.69,0.0,448985.29,2024-01-15,PAYMENT SETTLEMENT - ORD_00346
UTR260838038552,RPZ_90HB39EE,1990.54,0.0,306280.56,2024-03-31,PAYMENT SETTLEMENT - ORD_00347
UTR992916593371,RPZ_9OHI6E9N,44310.42,0.0,220652.78,2024-01-22,PAYMENT SETTLEMENT - ORD_00348
UTR635450902807,RPZ_AVML7N2T,10443.29,0.0,153091.51,2024-03-28,PAYMENT SETTLEMENT - ORD_00349
UTR564530064358,RPZ_RASIUWR0,42667.1,0.0,181555.68,2024-03-06,PAYMENT SETTLEMENT - ORD_00350
UTR444105080564,RPZ_FCU31VXJ,40017.07,0.0,151886.51,2024-01-22,PAYMENT SETTLEMENT - ORD_00351
UTR865244121265,RPZ_K5449V6F,39665.87,0.0,472470.87,2024-01-30,PAYMENT SETTLEMENT - ORD_00352
UTR926006524777,RPZ_HVYRHNCX,18126.31,0.0,447989.73,2024-03-08,PAYMENT SETTLEMENT - ORD_00353
UTR209780784558,RPZ_YFVTAH4U,12261.14,0.0,340181.06,2024-03-07,PAYMENT SETTLEMENT - ORD_00355
UTR893435286439,RPZ_IX81Y926,5500.89,0.0,371427.87,2024-02-18,PAYMENT SETTLEMENT - ORD_00356
UTR762386031452,RPZ_9PF507EQ,30359.37,0.0,444304.19,2024-02-15,PAYMENT SETTLEMENT - ORD_00357
UTR502749655609,RPZ_8I7ZPRJI,20390.16,0.0,323411.11,2024-03-06,PAYMENT SETTLEMENT - ORD_00359
UTR693022251840,RPZ_3Z4IJC47,27576.68,0.0,152972.72,2024-03-07,PAYMENT SETTLEMENT - ORD_00362
UTR526318620141,RPZ_HC1BRZOK,42289.87,0.0,352693.31,2024-01-13,PAYMENT SETTLEMENT - ORD_00363
UTR362648622583,RPZ_ODZMO8UU,12482.61,0.0,123486.42,2024-03-30,PAYMENT SETTLEMENT - ORD_00367
UTR339347941708,RPZ_HV7ZTUQO,2171.59,0.0,251898.13,2024-04-02,PAYMENT SETTLEMENT - ORD_00368
UTR387976848909,RPZ_VKKD1A20,2113.74,0.0,313982.49,2024-02-24,PAYMENT SETTLEMENT - ORD_00369
UTR549377214346,RPZ_ZD6YV2S8,18640.37,0.0,141185.74,2024-03-06,PAYMENT SETTLEMENT - ORD_00372
UTR499058644383,RPZ_BGNVWNVV,20382.25,0.0,133623.47,2024-02-06,PAYMENT SETTLEMENT - ORD_00373
UTR328303765869,RPZ_A7VXBKHJ,8186.81,0.0,137584.41,2024-03-14,PAYMENT SETTLEMENT - ORD_00374
UTR217551263523,RPZ_CBQTJ6K4,17034.09,0.0,142563.89,2024-03-09,PAYMENT SETTLEMENT - ORD_00375
UTR963579772116,RPZ_QJZLR3DJ,37076.61,0.0,201049.36,2024-02-27,PAYMENT SETTLEMENT - ORD_00376
UTR430557837185,RPZ_FAD0RP0P,29771.98,0.0,122251.8,2024-01-17,PAYMENT SETTLEMENT - ORD_00377
UTR416093961537,RPZ_XV1CGIO7,5917.53,0.0,242503.06,2024-03-20,PAYMENT SETTLEMENT - ORD_00380
UTR284508121558,RPZ_9Z1VPN8D,16968.74,0.0,215035.32,2024-01-04,PAYMENT SETTLEMENT - ORD_00381
UTR414526378728,RPZ_EK9L1IX3,24597.67,0.0,258326.99,2024-03-03,PAYMENT SETTLEMENT - ORD_00383
UTR311626028802,RPZ_8L0DD3XO,41180.74,0.0,400008.96,2024-03-18,PAYMENT SETTLEMENT - ORD_00384
UTR785425353151,RPZ_FHUXMCGI,34458.15,0.0,268325.6,2024-02-23,PAYMENT SETTLEMENT - ORD_00385
UTR637572548796,RPZ_5GVK85EX,15742.44,0.0,159202.62,2024-01-14,PAYMENT SETTLEMENT - ORD_00386
UTR772345713522,RPZ_BTG9I15C,30905.49,0.0,287681.35,2024-02-09,PAYMENT SETTLEMENT - ORD_00389
UTR406531036197,RPZ_DDVUJQVN,21417.59,0.0,169925.7,2024-03-12,PAYMENT SETTLEMENT - ORD_00390
UTR223555451450,RPZ_E4ZMGXOI,7544.33,0.0,471844.8,2024-04-01,PAYMENT SETTLEMENT - ORD_00391
UTR874223560128,RPZ_J5E8GA9R,42117.63,0.0,473522.09,2024-02-05,PAYMENT SETTLEMENT - ORD_00392
UTR449265497846,RPZ_OQ187B9R,45844.65,0.0,215053.02,2024-01-21,PAYMENT SETTLEMENT - ORD_00394
UTR765332204382,RPZ_XJ276HVU,42972.0,0.0,108490.62,2024-02-21,PAYMENT SETTLEMENT - ORD_00395
UTR074700059513,RPZ_CHOP45WB,33106.98,0.0,487395.6,2024-01-18,PAYMENT SETTLEMENT - ORD_00397
UTR925411522914,RPZ_M1NN7H7F,17180.11,0.0,168281.62,2024-03-25,PAYMENT SETTLEMENT - ORD_00398
UTR040857716907,RPZ_FT44I21V,36549.99,0.0,412415.17,2024-01-10,PAYMENT SETTLEMENT - ORD_00400
UTR088247942814,RPZ_0PBFPUGK,39854.37,0.0,280117.33,2024-02-02,PAYMENT SETTLEMENT - ORD_00401
UTR432944677449,RPZ_7TRRL8B7,20012.26,0.0,304035.53,2024-03-19,PAYMENT SETTLEMENT - ORD_00406
UTR323361476046,RPZ_DQ3UNTDK,38067.17,0.0,317159.36,2024-01-27,PAYMENT SETTLEMENT - ORD_00407
UTR331500844666,RPZ_REMDWTGH,34143.3,0.0,378380.02,2024-01-20,PAYMENT SETTLEMENT - ORD_00408
UTR433126946895,RPZ_BYURSY7T,1821.26,0.0,312606.31,2024-01-19,PAYMENT SETTLEMENT - ORD_00409
UTR868789635301,RPZ_KM3T0H12,3157.6,0.0,473511.54,2024-03-31,PAYMENT SETTLEMENT - ORD_00410
UTR302393679043,RPZ_3BX7FEMR,45272.6,0.0,427376.03,2024-03-13,PAYMENT SETTLEMENT - ORD_00412
UTR966742126395,RPZ_QDPLKOV7,36726.9,0.0,170304.06,2024-03-01,PAYMENT SETTLEMENT - ORD_00413
UTR894422538317,RPZ_4YDD0I16,11483.57,0.0,281134.69,2024-02-14,PAYMENT SETTLEMENT - ORD_00414
UTR821755025585,RPZ_45XXLY2G,41682.05,0.0,121570.62,2024-01-20,PAYMENT SETTLEMENT - ORD_00415
UTR832984999156,RPZ_DZQ7VNVC,15704.85,0.0,212189.24,2024-02-10,PAYMENT SETTLEMENT - ORD_00416
UTR769494705135,RPZ_2AWY73NG,8354.75,0.0,240295.89,2024-03-07,PAYMENT SETTLEMENT - ORD_00418
UTR356342016797,RPZ_7P147SFK,38718.29,0.0,282469.39,2024-02-01,PAYMENT SETTLEMENT - ORD_00420
UTR406786622589,RPZ_HP2AO8AM,32222.88,0.0,177654.44,2024-01-20,PAYMENT SETTLEMENT - ORD_00422
UTR720673422175,RPZ_3RTGXQK3,4103.47,0.0,244206.91,2024-01-09,PAYMENT SETTLEMENT - ORD_00423
UTR207844684540,RPZ_BSYWM83D,5914.36,0.0,401893.43,2024-03-20,PAYMENT SETTLEMENT - ORD_00424
UTR564614453384,RPZ_99W8D2TI,45078.44,0.0,427704.91,2024-01-28,PAYMENT SETTLEMENT - ORD_00426
UTR696429289195,RPZ_1IYOG34E,37307.48,0.0,176833.95,2024-03-09,PAYMENT SETTLEMENT - ORD_00427
UTR365913009459,RPZ_SSFJ5BW2,16193.03,0.0,414097.02,2024-03-09,PAYMENT SETTLEMENT - ORD_00428
UTR307322744607,RPZ_E8IDTOWP,3376.76,0.0,211101.47,2024-03-21,PAYMENT SETTLEMENT - ORD_00429
UTR112201840664,RPZ_5X3ZOXFT,23198.16,0.0,190029.02,2024-02-24,PAYMENT SETTLEMENT - ORD_00430
UTR933697617041,RPZ_SM5WWAOV,3716.1,0.0,178636.81,2024-02-29,PAYMENT SETTLEMENT - ORD_00431
UTR699693833722,RPZ_R9FMFWB6,12796.66,0.0,234803.84,2024-01-30,PAYMENT SETTLEMENT - ORD_00432
UTR388676558295,RPZ_AETYG309,24612.51,0.0,337068.63,2024-01-30,PAYMENT SETTLEMENT - ORD_00434
UTR747775208753,RPZ_2UWPYSUP,26965.92,0.0,411572.97,2024-02-01,PAYMENT SETTLEMENT - ORD_00436
UTR573998373172,RPZ_H2V2MZMQ,32419.86,0.0,276639.37,2024-01-09,PAYMENT SETTLEMENT - ORD_00437
UTR494095930463,RPZ_805U87WI,11286.66,0.0,110493.38,2024-02-27,PAYMENT SETTLEMENT - ORD_00438
UTR065897309848,RPZ_SF2I2ZMS,37783.9,0.0,482545.37,2024-02-04,PAYMENT SETTLEMENT - ORD_00439
UTR495451783583,RPZ_I15FUF9S,16345.87,0.0,487941.45,2024-01-11,PAYMENT SETTLEMENT - ORD_00440
UTR468109286069,RPZ_TFTQKMEZ,32640.78,0.0,256766.31,2024-02-08,PAYMENT SETTLEMENT - ORD_00450
UTR275517303094,RPZ_MIIHXOXM,47439.52,0.0,437809.16,2024-03-20,PAYMENT SETTLEMENT - ORD_00451
UTR410874306482,RPZ_K1HBKBE4,29822.45,0.0,475231.01,2024-03-20,PAYMENT SETTLEMENT - ORD_00453
UTR261753415814,RPZ_ZX5ZWTYF,32689.44,0.0,315103.61,2024-02-25,PAYMENT SETTLEMENT - ORD_00454
UTR466175771606,RPZ_TB7050BR,46173.95,0.0,315851.69,2024-02-04,PAYMENT SETTLEMENT - ORD_00455
UTR909620126650,RPZ_MSXEP46Z,2628.62,0.0,209627.35,2024-03-09,PAYMENT SETTLEMENT - ORD_00457
UTR659440379194,RPZ_EXY5P63Y,29703.56,0.0,241156.16,2024-03-12,PAYMENT SETTLEMENT - ORD_00458
UTR941508701244,RPZ_Y5LUK4DL,30288.83,0.0,172999.85,2024-03-08,PAYMENT SETTLEMENT - ORD_00460
UTR121420831061,RPZ_XGFZSANR,1420.27,0.0,300456.31,2024-03-04,PAYMENT SETTLEMENT - ORD_00463
UTR336813682726,RPZ_WNCZVJOE,19939.39,0.0,366041.37,2024-02-01,PAYMENT SETTLEMENT - ORD_00466
UTR205244462135,RPZ_BFRJDVIM,30314.33,0.0,207598.66,2024-02-22,PAYMENT SETTLEMENT - ORD_00469
UTR494235591290,RPZ_FEHEC6WF,6376.57,0.0,171562.72,2024-03-21,PAYMENT SETTLEMENT - ORD_00471
UTR328015661704,RPZ_D7TCMPYI,3922.32,0.0,483133.51,2024-01-08,PAYMENT SETTLEMENT - ORD_00473
UTR033049499979,RPZ_EVNNH6KW,24107.04,0.0,118355.27,2024-03-07,PAYMENT SETTLEMENT - ORD_00475
UTR238874387819,RPZ_Y0P3QQ2J,36700.51,0.0,339817.35,2024-03-13,PAYMENT SETTLEMENT - ORD_00477
UTR486906441815,RPZ_BKJ44ZM5,19911.83,0.0,286147.91,2024-02-11,PAYMENT SETTLEMENT - ORD_00479
UTR867800298706,RPZ_A7ED7BSS,6707.97,0.0,165668.63,2024-01-26,PAYMENT SETTLEMENT - ORD_00481
UTR594085118285,RPZ_W13EOLRU,31946.73,0.0,410203.2,2024-02-18,PAYMENT SETTLEMENT - ORD_00483
UTR682024528951,RPZ_FNYBRWWH,6595.44,0.0,409792.42,2024-01-13,PAYMENT SETTLEMENT - ORD_00484
UTR077831805032,RPZ_M6UWEHSE,28410.61,0.0,348444.8,2024-03-05,PAYMENT SETTLEMENT - ORD_00485
UTR553555192537,RPZ_35Q04A7W,19432.54,0.0,399131.25,2024-03-24,PAYMENT SETTLEMENT - ORD_00486
UTR974146464550,RPZ_4TLHAF9V,4970.25,0.0,289789.2,2024-04-01,PAYMENT SETTLEMENT - ORD_00487
UTR993338625977,RPZ_JFHRK7RJ,14534.63,0.0,465847.19,2024-01-25,PAYMENT SETTLEMENT - ORD_00488
UTR877050802015,RPZ_S93WV97F,11038.07,0.0,344777.24,2024-02-08,PAYMENT SETTLEMENT - ORD_00490
UTR689140651000,RPZ_ITMAZX0Y,30259.15,0.0,127302.17,2024-01-10,PAYMENT SETTLEMENT - ORD_00491
UTR963554623451,RPZ_3IGO2FO8,159.26,0.0,311243.92,2024-01-07,PAYMENT SETTLEMENT - ORD_00493
UTR939598084507,RPZ_3CQ5KOS5,43711.46,0.0,187737.03,2024-01-09,PAYMENT SETTLEMENT - ORD_00496
UTR434586820073,RPZ_C8EQSQLV,39665.18,0.0,408097.82,2024-03-08,PAYMENT SETTLEMENT - ORD_00497
UTR118906014817,RPZ_FEKVOC0R,36005.53,0.0,321184.51,2024-02-19,PAYMENT SETTLEMENT - ORD_00498
UTR779971280963,RPZ_MGU6SYEU,41923.44,0.0,252813.13,2024-03-30,PAYMENT SETTLEMENT - ORD_00499
UTR825410373029,RPZ_L3ML1832,4424.65,0.0,298298.09,2024-01-22,PAYMENT SETTLEMENT - ORD_00500
UTR391260088902,RPZ_QEGD0UYH,35861.11,0.0,112054.59,2024-03-09,PAYMENT SETTLEMENT - ORD_00503
UTR543545885939,RPZ_BNTO9BR5,8921.57,0.0,472602.59,2024-03-28,PAYMENT SETTLEMENT - ORD_00507
UTR191269954118,RPZ_LTGN9I83,29962.3,0.0,186441.77,2024-03-24,PAYMENT SETTLEMENT - ORD_00508
UTR407900170761,RPZ_50FCWAKV,39459.63,0.0,189574.76,2024-02-21,PAYMENT SETTLEMENT - ORD_00509
UTR839212970050,RPZ_GO8BCARR,45122.72,0.0,275771.91,2024-01-15,PAYMENT SETTLEMENT - ORD_00511
UTR382450990868,RPZ_TKDMU1N3,45589.77,0.0,494413.73,2024-01-05,PAYMENT SETTLEMENT - ORD_00513
UTR526747461786,RPZ_30LT7WMO,23197.91,0.0,227933.19,2024-02-03,PAYMENT SETTLEMENT - ORD_00515
UTR284596296867,RPZ_OA5U6E0H,39546.49,0.0,285150.9,2024-01-19,PAYMENT SETTLEMENT - ORD_00517
UTR449596464102,RPZ_H0IZFVVK,28361.31,0.0,491853.57,2024-03-06,PAYMENT SETTLEMENT - ORD_00518
UTR809976399267,RPZ_I2X7BBN6,40872.46,0.0,473710.48,2024-01-07,PAYMENT SETTLEMENT - ORD_00519
UTR547532418536,RPZ_OIAV6K39,9025.05,0.0,356809.74,2024-03-19,PAYMENT SETTLEMENT - ORD_00520
UTR264185534455,RPZ_AKIR5DGE,11612.69,0.0,300867.92,2024-04-01,PAYMENT SETTLEMENT - ORD_00521
UTR175639611576,RPZ_G0I5B3A6,15894.59,0.0,478540.36,2024-03-24,PAYMENT SETTLEMENT - ORD_00523
UTR609632600498,RPZ_BH4BAULH,6655.87,0.0,154226.08,2024-01-22,PAYMENT SETTLEMENT - ORD_00524
UTR214526071019,RPZ_25Z7JC1P,41143.17,0.0,348410.21,2024-01-05,PAYMENT SETTLEMENT - ORD_00525
UTR949243528592,RPZ_WIB8MDWU,40244.99,0.0,492788.94,2024-01-04,PAYMENT SETTLEMENT - ORD_00526
UTR613915185743,RPZ_WTPZNA4Z,35716.97,0.0,464364.93,2024-01-12,PAYMENT SETTLEMENT - ORD_00527
UTR262753544071,RPZ_LTM8PWQU,35396.15,0.0,156741.27,2024-02-11,PAYMENT SETTLEMENT - ORD_00529
UTR587299378536,RPZ_BJ7MG0AP,15960.19,0.0,412461.68,2024-04-01,PAYMENT SETTLEMENT - ORD_00530
UTR201209589631,RPZ_5GKDONZY,19119.24,0.0,273327.84,2024-03-11,PAYMENT SETTLEMENT - ORD_00532
UTR676720176424,RPZ_3VG7E07G,9136.89,0.0,495662.81,2024-03-09,PAYMENT SETTLEMENT - ORD_00533
UTR524082086966,RPZ_MFNU9L4E,8178.76,0.0,466743.97,2024-02-20,PAYMENT SETTLEMENT - ORD_00534
UTR908743704919,RPZ_L6T8INMA,5399.85,0.0,351728.45,2024-03-29,PAYMENT SETTLEMENT - ORD_00535
UTR015620634881,RPZ_MQAQT63U,41631.87,0.0,206400.69,2024-03-24,PAYMENT SETTLEMENT - ORD_00537
UTR627471147832,RPZ_JWUV92B9,37094.88,0.0,102140.32,2024-03-26,PAYMENT SETTLEMENT - ORD_00538
UTR940704517188,RPZ_AMSQYOSI,17678.21,0.0,156198.46,2024-01-04,PAYMENT SETTLEMENT - ORD_00539
UTR831798710277,RPZ_BSCCB5H3,25382.59,0.0,473100.66,2024-02-04,PAYMENT SETTLEMENT - ORD_00540
UTR569969115216,RPZ_G68F2XQI,12563.47,0.0,375731.69,2024-01-05,PAYMENT SETTLEMENT - ORD_00544
UTR335449372562,RPZ_EN7ZGRHH,8230.52,0.0,413054.71,2024-03-25,PAYMENT SETTLEMENT - ORD_00546
UTR370710669543,RPZ_5EQHP8YG,664.33,0.0,360554.4,2024-01-23,PAYMENT SETTLEMENT - ORD_00547
UTR510033516511,RPZ_SSE6AX37,38696.91,0.0,427131.76,2024-02-10,PAYMENT SETTLEMENT - ORD_00549
UTR853253586161,RPZ_VWCMM9PC,30606.21,0.0,328975.01,2024-02-04,PAYMENT SETTLEMENT - ORD_00550
UTR868071740056,RPZ_1F0EEUAD,23591.62,0.0,465832.24,2024-02-01,PAYMENT SETTLEMENT - ORD_00551
UTR361700552324,RPZ_P4D0VEK5,30091.26,0.0,305270.14,2024-03-26,PAYMENT SETTLEMENT - ORD_00554
UTR342962172445,RPZ_MBWFEE4U,6434.41,0.0,432459.88,2024-02-28,PAYMENT SETTLEMENT - ORD_00555
UTR069611884893,RPZ_CNZNB2C3,15438.39,0.0,138861.01,2024-02-24,PAYMENT SETTLEMENT - ORD_00557
UTR554613308277,RPZ_67WKA4UI,31115.79,0.0,482929.8,2024-02-17,PAYMENT SETTLEMENT - ORD_00563
UTR909553125566,RPZ_D88VEASH,34217.28,0.0,448779.49,2024-01-19,PAYMENT SETTLEMENT - ORD_00564
UTR134398907295,RPZ_9V0UO0KP,38429.81,0.0,447038.67,2024-03-30,PAYMENT SETTLEMENT - ORD_00565
UTR128434754231,RPZ_C2806583,34593.52,0.0,187493.35,2024-03-20,PAYMENT SETTLEMENT - ORD_00566
UTR733484985450,RPZ_VGDSAGSG,27290.85,0.0,230233.51,2024-01-04,PAYMENT SETTLEMENT - ORD_00567
UTR945126011779,RPZ_6R7TBZUR,30419.86,0.0,222088.69,2024-03-22,PAYMENT SETTLEMENT - ORD_00568
UTR586509037686,RPZ_ZOLBG2BG,28784.98,0.0,293067.47,2024-01-11,PAYMENT SETTLEMENT - ORD_00569
UTR105532204192,RPZ_GF1G243W,48154.89,0.0,253971.68,2024-03-30,PAYMENT SETTLEMENT - ORD_00571
UTR319179741266,RPZ_8DWDQQY4,23448.49,0.0,463012.22,2024-01-25,PAYMENT SETTLEMENT - ORD_00575
UTR973074075887,RPZ_Z3UMSLQC,35340.92,0.0,422493.53,2024-02-03,PAYMENT SETTLEMENT - ORD_00576
UTR699982068210,RPZ_2SGRD1CW,19496.2,0.0,425968.29,2024-02-24,PAYMENT SETTLEMENT - ORD_00577
UTR030734134104,RPZ_2A6MSJOP,43196.55,0.0,345890.18,2024-02-14,PAYMENT SETTLEMENT - ORD_00580
UTR884079007909,RPZ_HIPZMW59,36168.92,0.0,315655.37,2024-02-13,PAYMENT SETTLEMENT - ORD_00582
UTR280675368030,RPZ_3MZD1SC4,42464.64,0.0,392200.12,2024-03-03,PAYMENT SETTLEMENT - ORD_00584
UTR193704771965,RPZ_V47RJ49T,35302.88,0.0,359983.45,2024-01-15,PAYMENT SETTLEMENT - ORD_00585
UTR216304310480,RPZ_CUFCO79H,34063.69,0.0,133939.27,2024-01-22,PAYMENT SETTLEMENT - ORD_00587
UTR160471577221,RPZ_B86QL9ET,121.69,0.0,267494.65,2024-02-27,PAYMENT SETTLEMENT - ORD_00589
UTR774139119673,RPZ_BZ1N7U8Y,48883.36,0.0,158063.5,2024-02-13,PAYMENT SETTLEMENT - ORD_00590
UTR327676749453,RPZ_UFQTBDIZ,38656.84,0.0,129037.97,2024-02-04,PAYMENT SETTLEMENT - ORD_00591
UTR930790525699,RPZ_NHIMVREQ,39386.45,0.0,487156.54,2024-02-09,PAYMENT SETTLEMENT - ORD_00592
UTR354259731816,RPZ_56FC7KWD,43829.03,0.0,263301.51,2024-03-17,PAYMENT SETTLEMENT - ORD_00594
UTR669996113909,RPZ_8ASI7MIP,2120.42,0.0,423208.79,2024-03-20,PAYMENT SETTLEMENT - ORD_00595
UTR810536748841,RPZ_EUOIGY7R,41076.98,0.0,383965.95,2024-02-26,PAYMENT SETTLEMENT - ORD_00596
UTR762482941114,RPZ_9P0OOYT8,24092.29,0.0,263511.21,2024-03-18,PAYMENT SETTLEMENT - ORD_00598
UTR537983666743,RPZ_T63SOS8D,39373.91,0.0,309245.04,2024-01-19,PAYMENT SETTLEMENT - ORD_00599
UTR094982532998,RPZ_3LXBOWY2,25452.32,0.0,103892.97,2024-01-29,PAYMENT SETTLEMENT - ORD_00602
UTR876898028724,RPZ_SB7AV2MH,21103.74,0.0,449834.11,2024-01-07,PAYMENT SETTLEMENT - ORD_00603
UTR904965043567,RPZ_EOI6V7Z0,23581.89,0.0,303519.48,2024-03-30,PAYMENT SETTLEMENT - ORD_00605
UTR840382685585,RPZ_SP1GS1I9,46636.43,0.0,293090.44,2024-02-22,PAYMENT SETTLEMENT - ORD_00606
UTR054657062525,RPZ_8PIGT2V7,464.88,0.0,362564.62,2024-01-06,PAYMENT SETTLEMENT - ORD_00609
UTR426556598984,RPZ_8UJVYJY9,45392.37,0.0,197166.58,2024-01-23,PAYMENT SETTLEMENT - ORD_00611
UTR149143693380,RPZ_F3F6AB6S,10702.5,0.0,480555.09,2024-03-16,PAYMENT SETTLEMENT - ORD_00612
UTR120722735245,RPZ_HIZIUIGG,6090.25,0.0,114815.58,2024-01-17,PAYMENT SETTLEMENT - ORD_00614
UTR479737491928,RPZ_UEUFLLQZ,35505.2,0.0,273661.55,2024-03-06,PAYMENT SETTLEMENT - ORD_00616
UTR814723839662,RPZ_4YI2IX5H,4077.06,0.0,167301.38,2024-03-07,PAYMENT SETTLEMENT - ORD_00617
UTR768380380437,RPZ_YC7UDNZ0,4670.0,0.0,175950.79,2024-02-20,PAYMENT SETTLEMENT - ORD_00618
UTR646025463172,RPZ_6I04U4E0,4528.47,0.0,308466.1,2024-03-16,PAYMENT SETTLEMENT - ORD_00620
UTR389347759346,RPZ_FW12V4MI,24879.58,0.0,368925.32,2024-03-20,PAYMENT SETTLEMENT - ORD_00621
UTR219671362377,RPZ_QMFFEF4C,31933.39,0.0,181313.6,2024-01-19,PAYMENT SETTLEMENT - ORD_00622
UTR825285283072,RPZ_5E1Y5ZQB,30568.02,0.0,175117.1,2024-02-25,PAYMENT SETTLEMENT - ORD_00623
UTR703106810601,RPZ_IAKTLN2K,46396.67,0.0,274966.85,2024-01-11,PAYMENT SETTLEMENT - ORD_00624
UTR955033459596,RPZ_WVF4WBGY,18759.49,0.0,243250.35,2024-03-03,PAYMENT SETTLEMENT - ORD_00629
UTR794080107651,RPZ_BJS5VVYN,28515.26,0.0,307075.49,2024-02-11,PAYMENT SETTLEMENT - ORD_00630
UTR279758015377,RPZ_HW4G9MLK,31693.01,0.0,369840.76,2024-02-20,PAYMENT SETTLEMENT - ORD_00632
UTR551675189469,RPZ_TZ55WKES,47345.37,0.0,328350.35,2024-03-29,PAYMENT SETTLEMENT - ORD_00633
UTR740161636780,RPZ_2HCLNPUK,24846.89,0.0,296413.75,2024-01-16,PAYMENT SETTLEMENT - ORD_00635
UTR284183388258,RPZ_7LEVDXPL,13122.44,0.0,281088.66,2024-03-31,PAYMENT SETTLEMENT - ORD_00637
UTR554159302983,RPZ_03X53ZYA,21280.58,0.0,137741.18,2024-03-26,PAYMENT SETTLEMENT - ORD_00638
UTR528304110851,RPZ_C2AY1I1N,25055.27,0.0,212659.32,2024-03-23,PAYMENT SETTLEMENT - ORD_00639
UTR999089852566,RPZ_2LS3V7SK,3738.49,0.0,366597.99,2024-01-03,PAYMENT SETTLEMENT - ORD_00640
UTR872758079122,RPZ_2N1Q0VQW,10228.07,0.0,316755.99,2024-03-06,PAYMENT SETTLEMENT - ORD_00641
UTR912569961448,RPZ_7786B3C5,41659.59,0.0,225189.71,2024-02-24,PAYMENT SETTLEMENT - ORD_00643
UTR879047220254,RPZ_Q34AAXJT,36098.75,0.0,316240.13,2024-02-21,PAYMENT SETTLEMENT - ORD_00644
UTR913323392532,RPZ_YS2PTK2M,439.57,0.0,279929.59,2024-02-13,PAYMENT SETTLEMENT - ORD_00645
UTR017156223077,RPZ_OKRYFQOW,22784.27,0.0,382734.16,2024-01-14,PAYMENT SETTLEMENT - ORD_00646
UTR367275848023,RPZ_QJC3CXPI,917.24,0.0,160541.92,2024-02-22,PAYMENT SETTLEMENT - ORD_00647
UTR849032433739,RPZ_AQTWEUA2,23697.08,0.0,304258.13,2024-03-01,PAYMENT SETTLEMENT - ORD_00648
UTR129579794348,RPZ_7PH506V9,46930.77,0.0,288344.06,2024-01-22,PAYMENT SETTLEMENT - ORD_00649
UTR622296108009,RPZ_RM6086AI,812.87,0.0,151590.16,2024-03-07,PAYMENT SETTLEMENT - ORD_00650
UTR541642351046,RPZ_AKB4FI0E,48032.64,0.0,376061.77,2024-02-14,PAYMENT SETTLEMENT - ORD_00651
UTR042896805860,RPZ_MNMRL4OM,42308.94,0.0,277655.91,2024-02-04,PAYMENT SETTLEMENT - ORD_00652
UTR450979731524,RPZ_I791KIGR,38833.59,0.0,362254.41,2024-02-03,PAYMENT SETTLEMENT - ORD_00654
UTR121148748614,RPZ_SGMBFZ1F,27229.57,0.0,458898.55,2024-03-05,PAYMENT SETTLEMENT - ORD_00655
UTR139847423311,RPZ_82RV45IO,10407.19,0.0,210775.9,2024-01-29,PAYMENT SETTLEMENT - ORD_00656
UTR058966563338,RPZ_2Q41OWL0,3123.9,0.0,319703.25,2024-01-18,PAYMENT SETTLEMENT - ORD_00658
UTR140469067924,RPZ_1IWF9AS0,4587.47,0.0,481716.34,2024-03-23,PAYMENT SETTLEMENT - ORD_00660
UTR837574413080,RPZ_52DSSVR8,22316.86,0.0,322246.53,2024-03-08,PAYMENT SETTLEMENT - ORD_00661
UTR935806375561,RPZ_00A35K3E,18652.41,0.0,215515.25,2024-04-03,PAYMENT SETTLEMENT - ORD_00664
UTR694980402815,RPZ_TCCVWDXD,33615.07,0.0,103043.23,2024-03-30,PAYMENT SETTLEMENT - ORD_00665
UTR104055066927,RPZ_4K7J5D55,8668.17,0.0,494575.29,2024-01-27,PAYMENT SETTLEMENT - ORD_00667
UTR243918988456,RPZ_43Y9ZGWC,16798.76,0.0,392053.16,2024-01-30,PAYMENT SETTLEMENT - ORD_00669
UTR683944760481,RPZ_2OOO3H9R,36142.76,0.0,248413.63,2024-03-23,PAYMENT SETTLEMENT - ORD_00670
UTR120090965456,RPZ_KJQOS4LZ,8970.72,0.0,496050.98,2024-04-02,PAYMENT SETTLEMENT - ORD_00671
UTR296579750744,RPZ_ZMUUK6JC,604.28,0.0,472715.93,2024-03-24,PAYMENT SETTLEMENT - ORD_00677
UTR853667169113,RPZ_D1HN8JLB,35421.86,0.0,348318.84,2024-01-07,PAYMENT SETTLEMENT - ORD_00679
UTR583954996473,RPZ_KLNMVTHL,21543.55,0.0,126003.45,2024-02-10,PAYMENT SETTLEMENT - ORD_00680
UTR065151845480,RPZ_J4BV035J,40885.67,0.0,295864.47,2024-03-28,PAYMENT SETTLEMENT - ORD_00681
UTR364725136798,RPZ_RSLQUW2S,39740.19,0.0,469033.45,2024-02-23,PAYMENT SETTLEMENT - ORD_00684
UTR625577899828,RPZ_0F4TBGU8,25134.1,0.0,299697.12,2024-01-05,PAYMENT SETTLEMENT - ORD_00688
UTR305444589935,RPZ_CQVARV37,103.14,0.0,427407.4,2024-01-30,PAYMENT SETTLEMENT - ORD_00690
UTR321496765193,RPZ_WE13MGGP,41000.18,0.0,254502.96,2024-03-20,PAYMENT SETTLEMENT - ORD_00694
UTR692988838530,RPZ_DVVCBKKP,14291.4,0.0,439497.83,2024-02-13,PAYMENT SETTLEMENT - ORD_00695
UTR979661046386,RPZ_BGHV72ND,36318.72,0.0,250482.56,2024-01-05,PAYMENT SETTLEMENT - ORD_00696
UTR731136795546,RPZ_ZNBGC5FS,34092.27,0.0,267787.27,2024-01-13,PAYMENT SETTLEMENT - ORD_00697
UTR258138743380,RPZ_P14C24J0,43867.85,0.0,236644.59,2024-02-26,PAYMENT SETTLEMENT - ORD_00698
UTR525954000655,RPZ_2KI24JEY,12288.68,0.0,124599.08,2024-03-08,PAYMENT SETTLEMENT - ORD_00699
UTR992469962618,RPZ_RQVIC7F4,16849.77,0.0,356718.27,2024-03-21,PAYMENT SETTLEMENT - ORD_00701
UTR144910920014,RPZ_PK8CM28V,18549.55,0.0,374186.14,2024-04-02,PAYMENT SETTLEMENT - ORD_00702
UTR553408712795,RPZ_SID9WO9I,42381.54,0.0,177025.7,2024-01-18,PAYMENT SETTLEMENT - ORD_00704
UTR199360580889,RPZ_074R6CP0,46032.93,0.0,119464.42,2024-02-22,PAYMENT SETTLEMENT - ORD_00705
UTR382914551355,RPZ_GEAVCFV2,25497.67,0.0,226242.47,2024-01-11,PAYMENT SETTLEMENT - ORD_00707
UTR913655743896,RPZ_LPWB80KP,35723.53,0.0,275176.24,2024-03-04,PAYMENT SETTLEMENT - ORD_00708
UTR666723241066,RPZ_456UBXF1,29940.03,0.0,128236.68,2024-01-10,PAYMENT SETTLEMENT - ORD_00709
UTR584227639504,RPZ_95V241T7,40613.44,0.0,243790.26,2024-01-20,PAYMENT SETTLEMENT - ORD_00710
UTR486892804796,RPZ_ZNHB43FL,35952.74,0.0,332678.35,2024-01-30,PAYMENT SETTLEMENT - ORD_00713
UTR460637452860,RPZ_55TMMCEE,1126.69,0.0,378206.63,2024-02-10,PAYMENT SETTLEMENT - ORD_00714
UTR990595478714,RPZ_AD5NE73Q,27105.47,0.0,302884.13,2024-01-12,PAYMENT SETTLEMENT - ORD_00716
UTR615880447129,RPZ_2I7ETVST,20055.94,0.0,322475.32,2024-03-17,PAYMENT SETTLEMENT - ORD_00717
UTR153222320013,RPZ_KVW2TEM8,11721.14,0.0,253927.29,2024-03-26,PAYMENT SETTLEMENT - ORD_00720
UTR261192975134,RPZ_5OK95398,22184.01,0.0,262496.34,2024-03-04,PAYMENT SETTLEMENT - ORD_00722
UTR666451155536,RPZ_DRA2I7LR,36842.86,0.0,398838.99,2024-02-20,PAYMENT SETTLEMENT - ORD_00724
UTR465063793331,RPZ_KD41ZAYD,25475.06,0.0,303225.86,2024-01-14,PAYMENT SETTLEMENT - ORD_00725
UTR131430794518,RPZ_FOK0NH9Q,27769.92,0.0,158146.69,2024-03-15,PAYMENT SETTLEMENT - ORD_00726
UTR240304272960,RPZ_YZFL90PN,13963.94,0.0,135503.41,2024-03-14,PAYMENT SETTLEMENT - ORD_00727
UTR036835972505,RPZ_NQN71KJI,16483.16,0.0,172099.32,2024-03-07,PAYMENT SETTLEMENT - ORD_00728
UTR650933588757,RPZ_RECEH09G,30693.6,0.0,365584.66,2024-03-19,PAYMENT SETTLEMENT - ORD_00731
UTR732188833362,RPZ_ITLZ9QFW,30066.92,0.0,469311.45,2024-02-14,PAYMENT SETTLEMENT - ORD_00732
UTR738610485802,RPZ_ETA62UFZ,48188.52,0.0,427604.48,2024-03-11,PAYMENT SETTLEMENT - ORD_00733
UTR043994055136,RPZ_ELOVY2EP,23958.47,0.0,116596.75,2024-03-06,PAYMENT SETTLEMENT - ORD_00734
UTR219511586330,RPZ_4YOEJ3QP,35266.78,0.0,131049.68,2024-02-12,PAYMENT SETTLEMENT - ORD_00735
UTR331265753052,RPZ_SOIL83YN,3584.69,0.0,264808.22,2024-01-31,PAYMENT SETTLEMENT - ORD_00738
UTR941359473207,RPZ_IQ53V5QO,37568.38,0.0,445737.41,2024-02-13,PAYMENT SETTLEMENT - ORD_00739
UTR646110368674,RPZ_ZW8GCZSK,2829.32,0.0,244674.26,2024-03-17,PAYMENT SETTLEMENT - ORD_00740
UTR389932958264,RPZ_B4LESUF5,32988.62,0.0,470014.91,2024-01-03,PAYMENT SETTLEMENT - ORD_00742
UTR895227070403,RPZ_LWTULXVX,24144.61,0.0,497621.61,2024-01-31,PAYMENT SETTLEMENT - ORD_00744
UTR223922613761,RPZ_QRMXH9GS,31513.32,0.0,341232.98,2024-01-10,PAYMENT SETTLEMENT - ORD_00747
UTR828038690358,RPZ_85RDYC0P,19443.51,0.0,440457.25,2024-03-03,PAYMENT SETTLEMENT - ORD_00748
UTR159157007966,RPZ_NBTSOPHC,34968.47,0.0,455657.04,2024-03-26,PAYMENT SETTLEMENT - ORD_00750
UTR260920214131,RPZ_8SQGILMO,47028.82,0.0,306109.95,2024-01-24,PAYMENT SETTLEMENT - ORD_00753
UTR578179165337,RPZ_GFQAKQTV,40322.27,0.0,484358.45,2024-02-06,PAYMENT SETTLEMENT - ORD_00754
UTR945634533624,RPZ_17QCHIPC,40310.62,0.0,414201.32,2024-03-12,PAYMENT SETTLEMENT - ORD_00755
UTR903432102078,RPZ_13XLWRWQ,47801.77,0.0,172830.98,2024-03-31,PAYMENT SETTLEMENT - ORD_00756
UTR335128649353,RPZ_84S3BKEU,22927.95,0.0,265929.62,2024-03-24,PAYMENT SETTLEMENT - ORD_00757
UTR967749627369,RPZ_STGRTPDX,21677.46,0.0,227476.11,2024-01-12,PAYMENT SETTLEMENT - ORD_00760
UTR128629705885,RPZ_DPZNYCAK,5526.09,0.0,300623.77,2024-02-16,PAYMENT SETTLEMENT - ORD_00761
UTR845512881909,RPZ_J2EBYYWA,35175.45,0.0,321680.74,2024-01-27,PAYMENT SETTLEMENT - ORD_00762
UTR473317520517,RPZ_6CNQ2K7Z,2607.36,0.0,466934.39,2024-03-04,PAYMENT SETTLEMENT - ORD_00764
UTR444728175184,RPZ_HRO5D6VX,5412.97,0.0,104046.98,2024-03-17,PAYMENT SETTLEMENT - ORD_00766
UTR411017438246,RPZ_Z7RWLJU3,48634.86,0.0,340911.53,2024-03-16,PAYMENT SETTLEMENT - ORD_00767
UTR703035846273,RPZ_3NK1F53V,36842.67,0.0,449855.99,2024-01-30,PAYMENT SETTLEMENT - ORD_00768
UTR105321150423,RPZ_AS7ZRMOG,26646.08,0.0,430350.74,2024-03-30,PAYMENT SETTLEMENT - ORD_00769
UTR255893407911,RPZ_G8LL2LAY,28496.61,0.0,421449.86,2024-02-19,PAYMENT SETTLEMENT - ORD_00771
UTR933921283825,RPZ_HNHOWYFC,28649.46,0.0,452624.67,2024-03-30,PAYMENT SETTLEMENT - ORD_00772
UTR952206950508,RPZ_P1KBEJ4P,22191.86,0.0,224341.1,2024-01-24,PAYMENT SETTLEMENT - ORD_00773
UTR540413815042,RPZ_MXESHV7Y,38988.63,0.0,196794.29,2024-02-23,PAYMENT SETTLEMENT - ORD_00774
UTR661237166990,RPZ_NDN2V87D,10909.32,0.0,150509.61,2024-01-17,PAYMENT SETTLEMENT - ORD_00775
UTR360550262365,RPZ_WD7MF03E,25911.03,0.0,468741.44,2024-03-25,PAYMENT SETTLEMENT - ORD_00776
UTR595434322227,RPZ_V115AIQS,27919.98,0.0,253445.88,2024-02-27,PAYMENT SETTLEMENT - ORD_00777
UTR992377247108,RPZ_4EF5GG15,22961.32,0.0,406736.79,2024-01-21,PAYMENT SETTLEMENT - ORD_00778
UTR359984475393,RPZ_RDTPK2D3,43185.07,0.0,283743.68,2024-01-14,PAYMENT SETTLEMENT - ORD_00782
UTR650525803482,RPZ_R7HS6SRT,31149.22,0.0,430119.29,2024-02-09,PAYMENT SETTLEMENT - ORD_00783
UTR107555415515,RPZ_B5TA37SK,7849.38,0.0,120237.1,2024-02-14,PAYMENT SETTLEMENT - ORD_00784
UTR361687374197,RPZ_2GE5GDL7,42246.84,0.0,378006.78,2024-02-17,PAYMENT SETTLEMENT - ORD_00785
UTR688745701261,RPZ_FEMK29J6,33363.26,0.0,298045.27,2024-02-21,PAYMENT SETTLEMENT - ORD_00787
UTR075484560891,RPZ_G682KJSP,44566.16,0.0,440566.48,2024-02-07,PAYMENT SETTLEMENT - ORD_00790
UTR796937547961,RPZ_3MSFU5KD,37276.66,0.0,181063.04,2024-01-31,PAYMENT SETTLEMENT - ORD_00791
UTR129519985925,RPZ_0O7NF1RY,23630.45,0.0,155468.35,2024-02-14,PAYMENT SETTLEMENT - ORD_00792
UTR019422328743,RPZ_LI264BJH,2385.66,0.0,428301.49,2024-01-26,PAYMENT SETTLEMENT - ORD_00794
UTR675620833677,RPZ_6DQEZIV7,13625.57,0.0,354671.56,2024-02-16,PAYMENT SETTLEMENT - ORD_00795
UTR256393618199,RPZ_87Q7JL6X,3060.76,0.0,495822.42,2024-02-14,PAYMENT SETTLEMENT - ORD_00796
UTR676034148844,RPZ_KD1AV29V,7376.17,0.0,108419.37,2024-02-22,PAYMENT SETTLEMENT - ORD_00797
UTR718573536621,RPZ_RV6AFCQY,17060.99,0.0,302571.16,2024-03-17,PAYMENT SETTLEMENT - ORD_00798
UTR673523232638,RPZ_NBLV7QEP,9975.43,0.0,405055.75,2024-03-24,PAYMENT SETTLEMENT - ORD_00800
UTR360984165435,RPZ_XXYZOPWT,20173.55,0.0,496630.52,2024-03-18,PAYMENT SETTLEMENT - ORD_00802
UTR202040006531,RPZ_W3M4YIRG,6486.84,0.0,354751.26,2024-01-10,PAYMENT SETTLEMENT - ORD_00804
UTR183216906926,RPZ_3U0UQ5SV,4465.03,0.0,310075.08,2024-03-03,PAYMENT SETTLEMENT - ORD_00805
UTR603571055194,RPZ_C9JIW10C,3358.71,0.0,265210.68,2024-01-11,PAYMENT SETTLEMENT - ORD_00806
UTR565025039294,RPZ_TXBHQ1CU,35293.14,0.0,114129.68,2024-01-18,PAYMENT SETTLEMENT - ORD_00807
UTR867667321780,RPZ_19T8EL6G,32529.05,0.0,475173.39,2024-01-24,PAYMENT SETTLEMENT - ORD_00809
UTR385532671332,RPZ_CXFIEMSV,40854.18,0.0,495007.68,2024-02-07,PAYMENT SETTLEMENT - ORD_00810
UTR550196584978,RPZ_61NRLEE7,9739.9,0.0,278854.03,2024-01-03,PAYMENT SETTLEMENT - ORD_00814
UTR431347445719,RPZ_K451WB1C,47566.83,0.0,303263.65,2024-01-07,PAYMENT SETTLEMENT - ORD_00816
UTR013129049047,RPZ_F8SH1FS7,19537.58,0.0,212621.98,2024-01-13,PAYMENT SETTLEMENT - ORD_00818
UTR238176835637,RPZ_5HJQNDV9,22485.04,0.0,403474.66,2024-01-06,PAYMENT SETTLEMENT - ORD_00819
UTR540240694060,RPZ_FZPNYOHY,46442.33,0.0,229842.48,2024-02-22,PAYMENT SETTLEMENT - ORD_00820
UTR914921890382,RPZ_MTYVOW6F,30237.28,0.0,367719.54,2024-02-27,PAYMENT SETTLEMENT - ORD_00821
UTR208246037035,RPZ_KAYM27CI,48712.88,0.0,386722.22,2024-02-23,PAYMENT SETTLEMENT - ORD_00823
UTR162089971474,RPZ_IB50BBT5,43811.01,0.0,132653.2,2024-01-19,PAYMENT SETTLEMENT - ORD_00824
UTR131966935108,RPZ_5UFCP7A4,22785.18,0.0,217673.93,2024-01-26,PAYMENT SETTLEMENT - ORD_00825
UTR183210080100,RPZ_KUHKFPNE,42605.7,0.0,270524.63,2024-01-02,PAYMENT SETTLEMENT - ORD_00827
UTR407677186140,RPZ_XVST1NOT,28331.21,0.0,116744.13,2024-03-04,PAYMENT SETTLEMENT - ORD_00828
UTR208232069099,RPZ_MFJ7V7PT,41737.15,0.0,452160.77,2024-02-06,PAYMENT SETTLEMENT - ORD_00829
UTR682752062102,RPZ_W9NWJ538,4565.18,0.0,139821.33,2024-03-02,PAYMENT SETTLEMENT - ORD_00830
UTR462100148555,RPZ_S4XZESLF,42883.19,0.0,393620.43,2024-02-14,PAYMENT SETTLEMENT - ORD_00831
UTR707899645143,RPZ_4J1FOTAB,45719.11,0.0,363104.22,2024-01-10,PAYMENT SETTLEMENT - ORD_00833
UTR479977029262,RPZ_NLGEH6XD,16198.71,0.0,307757.83,2024-03-26,PAYMENT SETTLEMENT - ORD_00834
UTR205930885543,RPZ_25Z6V1CS,32467.87,0.0,398897.12,2024-02-24,PAYMENT SETTLEMENT - ORD_00835
UTR591771657313,RPZ_H5VMWQNI,34819.96,0.0,355289.4,2024-01-03,PAYMENT SETTLEMENT - ORD_00836
UTR398844802162,RPZ_SAC2K8H2,20770.22,0.0,322236.38,2024-01-14,PAYMENT SETTLEMENT - ORD_00837
UTR767746198982,RPZ_GCDD7FFC,26750.69,0.0,458384.16,2024-02-01,PAYMENT SETTLEMENT - ORD_00838
UTR488818876607,RPZ_B1057UV2,30505.45,0.0,371834.49,2024-03-07,PAYMENT SETTLEMENT - ORD_00839
UTR781645312157,RPZ_36OUCSS9,17757.58,0.0,222803.9,2024-01-28,PAYMENT SETTLEMENT - ORD_00840
UTR362656919430,RPZ_XF5I6GZO,26871.08,0.0,245166.6,2024-02-13,PAYMENT SETTLEMENT - ORD_00841
UTR036252476051,RPZ_G73RC5BB,44452.56,0.0,348211.76,2024-03-03,PAYMENT SETTLEMENT - ORD_00842
UTR586639802919,RPZ_OI92W0Y1,36925.89,0.0,468145.4,2024-03-28,PAYMENT SETTLEMENT - ORD_00843
UTR413609359009,RPZ_S1NOT6P0,17652.02,0.0,288893.0,2024-02-27,PAYMENT SETTLEMENT - ORD_00844
UTR134927339349,RPZ_DU46N4ZC,30558.07,0.0,295277.38,2024-02-15,PAYMENT SETTLEMENT - ORD_00845
UTR376192100867,RPZ_2RPNTOSJ,4720.06,0.0,339753.38,2024-03-03,PAYMENT SETTLEMENT - ORD_00846
UTR510315389899,RPZ_5RBNDUJ4,8864.98,0.0,272339.56,2024-01-27,PAYMENT SETTLEMENT - ORD_00848
UTR408420186610,RPZ_KPA0XDWA,42941.28,0.0,191830.63,2024-03-24,PAYMENT SETTLEMENT - ORD_00849
UTR097082772089,RPZ_Z1SH7Y2V,25912.04,0.0,475174.53,2024-01-12,PAYMENT SETTLEMENT - ORD_00850
UTR139669714207,RPZ_IO53AJXD,47650.62,0.0,201461.2,2024-02-28,PAYMENT SETTLEMENT - ORD_00853
UTR096765178813,RPZ_LGUXR4L3,6491.23,0.0,496381.49,2024-03-18,PAYMENT SETTLEMENT - ORD_00854
UTR528449562964,RPZ_KTQ8YZ2O,31895.38,0.0,246962.3,2024-01-30,PAYMENT SETTLEMENT - ORD_00855
UTR685161015800,RPZ_7R9H6IYP,21728.8,0.0,189581.64,2024-01-28,PAYMENT SETTLEMENT - ORD_00856
UTR712912718014,RPZ_7YIIUJGL,36084.16,0.0,454754.8,2024-03-05,PAYMENT SETTLEMENT - ORD_00857
UTR686602385450,RPZ_U00QU5YF,41992.38,0.0,472781.18,2024-02-12,PAYMENT SETTLEMENT - ORD_00858
UTR688616989987,RPZ_7GX131AK,387.26,0.0,307757.25,2024-02-19,PAYMENT SETTLEMENT - ORD_00865
UTR022353637448,RPZ_VYOIAA8A,44835.37,0.0,417986.64,2024-02-09,PAYMENT SETTLEMENT - ORD_00867
UTR461388592176,RPZ_VZRN23KK,43636.79,0.0,280186.26,2024-02-25,PAYMENT SETTLEMENT - ORD_00868
UTR455214872454,RPZ_1VXVYILT,45538.12,0.0,339640.85,2024-03-24,PAYMENT SETTLEMENT - ORD_00869
UTR908587278068,RPZ_JK6R4MDZ,6919.45,0.0,121434.13,2024-03-30,PAYMENT SETTLEMENT - ORD_00872
UTR164236652314,RPZ_ILX9I35N,13145.39,0.0,192235.64,2024-02-06,PAYMENT SETTLEMENT - ORD_00875
UTR560685330617,RPZ_4NDZY83Q,20937.91,0.0,274776.37,2024-03-30,PAYMENT SETTLEMENT - ORD_00876
UTR378116761785,RPZ_F1ZKF5TJ,41433.45,0.0,159545.14,2024-03-03,PAYMENT SETTLEMENT - ORD_00877
UTR134751059019,RPZ_TDMNNNZ3,19000.15,0.0,322677.82,2024-01-29,PAYMENT SETTLEMENT - ORD_00878
UTR008035426828,RPZ_7YIZ6M70,47787.66,0.0,338334.08,2024-02-12,PAYMENT SETTLEMENT - ORD_00879
UTR424577681633,RPZ_2UZ6F55T,44251.91,0.0,124245.29,2024-02-13,PAYMENT SETTLEMENT - ORD_00880
UTR727285577238,RPZ_L9NT6HDA,44486.55,0.0,228262.87,2024-03-16,PAYMENT SETTLEMENT - ORD_00881
UTR102289757439,RPZ_P7YBPTYF,21472.14,0.0,270834.63,2024-02-04,PAYMENT SETTLEMENT - ORD_00882
UTR920329469430,RPZ_YNTS8X11,6201.39,0.0,404881.96,2024-03-30,PAYMENT SETTLEMENT - ORD_00883
UTR182235978327,RPZ_3O8K85HJ,5842.98,0.0,418487.19,2024-01-02,PAYMENT SETTLEMENT - ORD_00884
UTR089317754425,RPZ_XEM1T96R,29829.24,0.0,448217.64,2024-01-15,PAYMENT SETTLEMENT - ORD_00885
UTR941461401392,RPZ_BSZ5X77M,47202.37,0.0,272023.54,2024-02-26,PAYMENT SETTLEMENT - ORD_00886
UTR200881664975,RPZ_N9GIJQ7P,13770.5,0.0,174706.41,2024-01-20,PAYMENT SETTLEMENT - ORD_00890
UTR933340327844,RPZ_Z6A4SKWN,41513.1,0.0,123685.12,2024-03-07,PAYMENT SETTLEMENT - ORD_00891
UTR864392565114,RPZ_9L0PJV9B,31103.28,0.0,307583.29,2024-01-06,PAYMENT SETTLEMENT - ORD_00892
UTR597470694177,RPZ_5Q0BANTJ,15871.33,0.0,137659.68,2024-02-02,PAYMENT SETTLEMENT - ORD_00895
UTR411175859677,RPZ_YGK89OZ4,24797.93,0.0,157701.14,2024-02-22,PAYMENT SETTLEMENT - ORD_00896
UTR219115521609,RPZ_6L7RE04R,16358.87,0.0,160358.28,2024-01-07,PAYMENT SETTLEMENT - ORD_00897
UTR121797773585,RPZ_LXPM4Y1K,24600.9,0.0,252079.6,2024-03-07,PAYMENT SETTLEMENT - ORD_00898
UTR630354998446,RPZ_REXFK8E6,23547.22,0.0,366878.52,2024-02-15,PAYMENT SETTLEMENT - ORD_00904
UTR177761203481,RPZ_H6L33U3K,834.73,0.0,130542.16,2024-01-19,PAYMENT SETTLEMENT - ORD_00906
UTR520164939861,RPZ_IU6S3O9K,43419.76,0.0,137256.25,2024-03-16,PAYMENT SETTLEMENT - ORD_00907
UTR964908974380,RPZ_MSJGODD7,34168.14,0.0,131084.32,2024-01-09,PAYMENT SETTLEMENT - ORD_00911
UTR222352916476,RPZ_SFK5TF7R,41760.81,0.0,332848.94,2024-01-19,PAYMENT SETTLEMENT - ORD_00913
UTR830483586568,RPZ_SLOU81G4,34056.67,0.0,453282.66,2024-02-07,PAYMENT SETTLEMENT - ORD_00915
UTR890791720840,RPZ_I5YFAZ4E,25296.1,0.0,286342.02,2024-03-15,PAYMENT SETTLEMENT - ORD_00917
UTR901594916658,RPZ_CHJLLMIP,16330.43,0.0,138210.18,2024-01-14,PAYMENT SETTLEMENT - ORD_00918
UTR149533418122,RPZ_M5DG2WRW,22614.91,0.0,301537.78,2024-02-28,PAYMENT SETTLEMENT - ORD_00919
UTR059845598720,RPZ_WAFZQGBH,20416.2,0.0,435907.96,2024-01-21,PAYMENT SETTLEMENT - ORD_00921
UTR688737947599,RPZ_FDZO0SPU,37131.96,0.0,126492.18,2024-01-07,PAYMENT SETTLEMENT - ORD_00925
UTR796046881244,RPZ_1YKNO87O,16203.62,0.0,385953.75,2024-03-16,PAYMENT SETTLEMENT - ORD_00926
UTR589008765647,RPZ_X378QZE5,14266.6,0.0,451126.1,2024-03-15,PAYMENT SETTLEMENT - ORD_00927
UTR785534938427,RPZ_16O94W5P,44550.11,0.0,351328.86,2024-01-06,PAYMENT SETTLEMENT - ORD_00930
UTR806710456395,RPZ_LV6UOYFK,38332.17,0.0,248284.02,2024-02-24,PAYMENT SETTLEMENT - ORD_00932
UTR387095999787,RPZ_J1BJ38TO,5321.25,0.0,330313.89,2024-02-21,PAYMENT SETTLEMENT - ORD_00934
UTR652119835655,RPZ_V8PYD8QI,11256.65,0.0,355745.6,2024-04-01,PAYMENT SETTLEMENT - ORD_00937
UTR023213108282,RPZ_S7WKC06R,30181.92,0.0,185044.76,2024-03-15,PAYMENT SETTLEMENT - ORD_00938
UTR958408436127,RPZ_UZJTAD5G,20467.49,0.0,332920.63,2024-03-02,PAYMENT SETTLEMENT - ORD_00939
UTR444555172600,RPZ_RBG61DN3,10320.71,0.0,122468.25,2024-03-29,PAYMENT SETTLEMENT - ORD_00941
UTR635069689334,RPZ_34O1FB70,18557.15,0.0,110077.27,2024-03-20,PAYMENT SETTLEMENT - ORD_00942
UTR961805865885,RPZ_ZCNIMYHM,19434.8,0.0,121930.85,2024-03-03,PAYMENT SETTLEMENT - ORD_00943
UTR739052492179,RPZ_OIWKZNDI,6163.65,0.0,151786.19,2024-01-17,PAYMENT SETTLEMENT - ORD_00945
UTR326931101613,RPZ_6DS6W8QZ,43272.39,0.0,133601.68,2024-01-18,PAYMENT SETTLEMENT - ORD_00946
UTR244664397171,RPZ_0TCMXMMX,5293.39,0.0,378326.28,2024-02-08,PAYMENT SETTLEMENT - ORD_00947
UTR739456305101,RPZ_TCJYJD9L,35098.9,0.0,171779.37,2024-01-19,PAYMENT SETTLEMENT - ORD_00949
UTR999277996406,RPZ_I3C3PULE,2013.62,0.0,212568.91,2024-03-05,PAYMENT SETTLEMENT - ORD_00950
UTR194399253475,RPZ_ZMTAK070,27387.55,0.0,490105.53,2024-03-02,PAYMENT SETTLEMENT - ORD_00952
UTR965321091726,RPZ_WK6WSH4I,7769.07,0.0,279877.41,2024-01-30,PAYMENT SETTLEMENT - ORD_00954
UTR669978938519,RPZ_0FW5LCMN,2576.31,0.0,438473.37,2024-02-20,PAYMENT SETTLEMENT - ORD_00955
UTR522311900917,RPZ_Z7YCQP9Z,17752.49,0.0,308000.5,2024-03-02,PAYMENT SETTLEMENT - ORD_00956
UTR973503036042,RPZ_XIQ95KU1,204.16,0.0,499561.21,2024-01-20,PAYMENT SETTLEMENT - ORD_00958
UTR703498742831,RPZ_XU0TVAWS,8599.93,0.0,261908.61,2024-01-03,PAYMENT SETTLEMENT - ORD_00959
UTR118435458712,RPZ_1D1K8DGF,6270.79,0.0,207320.92,2024-01-23,PAYMENT SETTLEMENT - ORD_00962
UTR608114048197,RPZ_X1G04DB0,8131.41,0.0,100203.65,2024-01-25,PAYMENT SETTLEMENT - ORD_00964
UTR540989713992,RPZ_680UHZMG,41507.46,0.0,378941.01,2024-02-18,PAYMENT SETTLEMENT - ORD_00966
UTR045473621187,RPZ_XBXEZ57L,11769.15,0.0,416725.48,2024-02-14,PAYMENT SETTLEMENT - ORD_00968
UTR970627212932,RPZ_OFF7NC2E,38854.23,0.0,115448.64,2024-03-23,PAYMENT SETTLEMENT - ORD_00969
UTR766376151499,RPZ_FHD528SC,20185.85,0.0,194542.53,2024-02-12,PAYMENT SETTLEMENT - ORD_00970
UTR807545318251,RPZ_WHKE5UNP,37207.65,0.0,134320.77,2024-01-10,PAYMENT SETTLEMENT - ORD_00972
UTR768585701138,RPZ_GC3WQ4N5,47119.79,0.0,230335.61,2024-02-14,PAYMENT SETTLEMENT - ORD_00973
UTR077885127762,RPZ_8V3RDLXU,47875.77,0.0,289940.41,2024-02-07,PAYMENT SETTLEMENT - ORD_00974
UTR651069036478,RPZ_WBDZHZOJ,5948.59,0.0,354156.91,2024-03-03,PAYMENT SETTLEMENT - ORD_00975
UTR452711473597,RPZ_QTURE60N,17495.26,0.0,428621.71,2024-03-14,PAYMENT SETTLEMENT - ORD_00977
UTR513947727873,RPZ_CL99MIZN,47329.79,0.0,217533.76,2024-02-26,PAYMENT SETTLEMENT - ORD_00978
UTR159388484817,RPZ_D7ADN1SB,42722.38,0.0,322373.59,2024-03-13,PAYMENT SETTLEMENT - ORD_00979
UTR566981903154,RPZ_ANXP6PTS,36204.17,0.0,306483.16,2024-01-16,PAYMENT SETTLEMENT - ORD_00980
UTR339936206799,RPZ_901YA2QM,4124.7,0.0,195392.07,2024-02-12,PAYMENT SETTLEMENT - ORD_00983
UTR176296167037,RPZ_NRMH54NI,17282.37,0.0,161957.13,2024-02-26,PAYMENT SETTLEMENT - ORD_00984
UTR043930630473,RPZ_8RVJU5Q7,29904.26,0.0,315436.0,2024-03-23,PAYMENT SETTLEMENT - ORD_00987
UTR605027650487,RPZ_3EWCR6WJ,45465.92,0.0,460923.33,2024-02-16,PAYMENT SETTLEMENT - ORD_00988
UTR856211974452,RPZ_UJP6ZS0J,47743.93,0.0,355296.64,2024-02-18,PAYMENT SETTLEMENT - ORD_00989
UTR076411688871,RPZ_ADEAFDAW,42600.52,0.0,246790.4,2024-01-12,PAYMENT SETTLEMENT - ORD_00990
UTR750892744153,RPZ_ZLQ037QQ,37081.68,0.0,168722.41,2024-03-06,PAYMENT SETTLEMENT - ORD_00992
UTR539145406724,RPZ_RXZNFLJ5,35815.27,0.0,311138.09,2024-01-29,PAYMENT SETTLEMENT - ORD_00994
UTR314314701033,RPZ_ZQ3WWTQZ,46021.23,0.0,179071.07,2024-01-15,PAYMENT SETTLEMENT - ORD_00995
