gateway_ref,order_id,amount,fee,net_amount,currency,status,payment_method,transaction_date,settlement_date
RPZ_2C15D62O,ORD_00001,32123.0,642.46,31480.54,INR,CAPTURED,CREDIT_CARD,2024-01-11 00:00:00,2024-01-13
RPZ_SPHERWWZ,ORD_00002,38696.71,773.93,37922.78,INR,CAPTURED,NET_BANKING,2024-02-15 00:00:00,2024-02-16
RPZ_RMZQQAMR,ORD_00003,38852.93,0.0,38852.93,INR,FAILED,CREDIT_CARD,2024-02-19 00:00:00,
RPZ_P9WYSG34,ORD_00004,33196.25,663.92,32532.33,INR,CAPTURED,WALLET,2024-02-25 00:00:00,2024-02-27
RPZ_R6T5U9MX,ORD_00005,241.6,4.83,236.77,INR,CAPTURED,NET_BANKING,2024-02-03 00:00:00,2024-02-04
RPZ_MIA7LAHS,ORD_00006,34155.88,683.12,33472.76,INR,CAPTURED,DEBIT_CARD,2024-01-28 00:00:00,2024-01-31
RPZ_42V503I9,ORD_00007,23577.55,0.0,23577.55,INR,FAILED,DEBIT_CARD,2024-02-07 00:00:00,
RPZ_S8MZ7BX3,ORD_00008,37130.69,742.61,36388.08,INR,CAPTURED,WALLET,2024-03-10 00:00:00,2024-03-13
RPZ_GRCS75S3,ORD_00009,34185.8,0.0,34185.8,INR,FAILED,UPI,2024-01-08 00:00:00,
RPZ_Y4ICPFP0,ORD_00010,19992.31,399.85,19592.46,INR,CAPTURED,WALLET,2024-03-04 00:00:00,2024-03-07
RPZ_NBGP2PSG,ORD_00011,16242.61,324.85,15917.76,INR,CAPTURED,WALLET,2024-03-06 00:00:00,2024-03-07
RPZ_MFHBJ4TH,ORD_00012,14753.33,295.07,14458.26,INR,CAPTURED,WALLET,2024-01-22 00:00:00,2024-01-25
RPZ_61Y04ZUA,ORD_00013,2870.98,57.42,2813.56,INR,CAPTURED,UPI,2024-02-20 00:00:00,2024-02-21
RPZ_SIBP9WQS,ORD_00014,23633.29,472.67,23160.62,INR,CAPTURED,UPI,2024-02-03 00:00:00,2024-02-04
RPZ_DK7RZ1OP,ORD_00015,1665.35,0.0,1665.35,INR,FAILED,UPI,2024-03-22 00:00:00,
RPZ_NOMUXXMR,ORD_00016,15033.54,300.67,14732.87,INR,CAPTURED,CREDIT_CARD,2024-01-20 00:00:00,2024-01-22
RPZ_RWGDLK19,ORD_00017,33742.67,674.85,33067.82,INR,CAPTURED,DEBIT_CARD,2024-01-01 00:00:00,2024-01-02
RPZ_O1ZY2L0G,ORD_00018,31983.05,639.66,31343.39,INR,CAPTURED,CREDIT_CARD,2024-01-03 00:00:00,2024-01-04
RPZ_BH1Q99I2,ORD_00019,14676.45,293.53,14382.92,INR,CAPTURED,NET_BANKING,2024-03-19 00:00:00,2024-03-21
RPZ_EQOG2VNS,ORD_00020,30265.74,605.31,29660.43,INR,CAPTURED,UPI,2024-03-01 00:00:00,2024-03-04
RPZ_TGIJOPOD,ORD_00021,41494.57,0.0,41494.57,INR,REFUNDED,WALLET,2024-01-14 00:00:00,
RPZ_E7M3TXZ4,ORD_00022,31299.25,0.0,31299.25,INR,FAILED,WALLET,2024-03-11 00:00:00,
RPZ_RQ9PA8P2,ORD_00023,11709.97,0.0,11709.97,INR,REFUNDED,UPI,2024-01-23 00:00:00,
RPZ_2RO35DS8,ORD_00024,48166.16,0.0,48166.16,INR,FAILED,DEBIT_CARD,2024-02-09 00:00:00,
RPZ_HBMIYNL6,ORD_00025,5057.48,0.0,5057.48,INR,FAILED,UPI,2024-01-07 00:00:00,
RPZ_ARNJUOZL,ORD_00026,37576.2,751.52,36824.68,INR,CAPTURED,CREDIT_CARD,2024-03-16 00:00:00,2024-03-17
RPZ_A6T63RAV,ORD_00027,33044.99,660.9,32384.09,INR,CAPTURED,DEBIT_CARD,2024-02-08 00:00:00,2024-02-11
RPZ_QOWJ6QT4,ORD_00028,27701.44,554.03,27147.41,INR,CAPTURED,UPI,2024-03-19 00:00:00,2024-03-20
RPZ_VZS0U425,ORD_00029,40454.7,809.09,39645.61,INR,CAPTURED,WALLET,2024-02-20 00:00:00,2024-02-21
RPZ_8PVXG87S,ORD_00030,25845.65,0.0,25845.65,INR,FAILED,NET_BANKING,2024-02-29 00:00:00,
RPZ_ZT84LB3N,ORD_00031,9973.88,199.48,9774.4,INR,CAPTURED,NET_BANKING,2024-02-17 00:00:00,2024-02-19
RPZ_NT2MQZBM,ORD_00032,36825.66,736.51,36089.15,INR,CAPTURED,CREDIT_CARD,2024-01-27 00:00:00,2024-01-28
RPZ_8HJ6CCZI,ORD_00033,6343.21,126.86,6216.35,INR,CAPTURED,DEBIT_CARD,2024-02-01 00:00:00,2024-02-02
RPZ_3WDNIN9G,ORD_00034,24677.21,493.54,24183.67,INR,CAPTURED,UPI,2024-01-03 00:00:00,2024-01-06
RPZ_16PJCNSI,ORD_00035,24743.17,494.86,24248.31,INR,CAPTURED,DEBIT_CARD,2024-02-18 00:00:00,2024-02-19
RPZ_O05ZBNFM,ORD_00036,24497.88,489.96,24007.92,INR,CAPTURED,CREDIT_CARD,2024-01-12 00:00:00,2024-01-13
RPZ_DYXBMKIE,ORD_00037,8735.89,0.0,8735.89,INR,FAILED,NET_BANKING,2024-02-08 00:00:00,
RPZ_EJERQQFB,ORD_00038,24966.89,499.34,24467.55,INR,CAPTURED,WALLET,2024-02-28 00:00:00,2024-03-01
RPZ_YGYB627F,ORD_00039,46997.11,939.94,46057.17,INR,CAPTURED,DEBIT_CARD,2024-03-28 00:00:00,2024-03-29
RPZ_KUIN4J2V,ORD_00040,4772.89,95.46,4677.43,INR,CAPTURED,DEBIT_CARD,2024-02-17 00:00:00,2024-02-18
RPZ_PQA1HCN7,ORD_00041,41950.6,0.0,41950.6,INR,FAILED,WALLET,2024-02-04 00:00:00,
RPZ_IM75R91R,ORD_00042,26536.55,0.0,26536.55,INR,REFUNDED,DEBIT_CARD,2024-03-26 00:00:00,
RPZ_8NQY6L70,ORD_00043,23403.59,0.0,23403.59,INR,REFUNDED,DEBIT_CARD,2024-02-25 00:00:00,
RPZ_2M1Q025Y,ORD_00044,47235.03,0.0,47235.03,INR,REFUNDED,CREDIT_CARD,2024-03-13 00:00:00,
RPZ_7Y94ZY4P,ORD_00045,3374.19,0.0,3374.19,INR,FAILED,WALLET,2024-03-18 00:00:00,
RPZ_Q3DNG535,ORD_00046,19701.45,394.03,19307.42,INR,CAPTURED,DEBIT_CARD,2024-03-09 00:00:00,2024-03-12
RPZ_CNQQNI4C,ORD_00047,2938.66,58.77,2879.89,INR,CAPTURED,NET_BANKING,2024-01-09 00:00:00,2024-01-12
RPZ_JF9XKOCO,ORD_00048,4520.06,90.4,4429.66,INR,CAPTURED,CREDIT_CARD,2024-03-30 00:00:00,2024-03-31
RPZ_9Y72CR6J,ORD_00049,30633.77,0.0,30633.77,INR,REFUNDED,DEBIT_CARD,2024-02-26 00:00:00,
RPZ_LVQM35G1,ORD_00050,35996.22,719.92,35276.3,INR,CAPTURED,NET_BANKING,2024-02-17 00:00:00,2024-02-18
RPZ_BEQWJPD1,ORD_00051,48206.12,964.12,47242.0,INR,CAPTURED,NET_BANKING,2024-02-14 00:00:00,2024-02-16
RPZ_7WEEQJRQ,ORD_00052,33717.73,674.35,33043.38,INR,CAPTURED,DEBIT_CARD,2024-01-27 00:00:00,2024-01-28
RPZ_1MYM0MPL,ORD_00053,49656.8,993.14,48663.66,INR,CAPTURED,CREDIT_CARD,2024-02-03 00:00:00,2024-02-06
RPZ_E4AVYG43,ORD_00054,36032.28,0.0,36032.28,INR,REFUNDED,WALLET,2024-02-09 00:00:00,
RPZ_DMUHP13Z,ORD_00055,3332.11,66.64,3265.47,INR,CAPTURED,WALLET,2024-01-05 00:00:00,2024-01-08
RPZ_E529M66V,ORD_00056,44966.47,899.33,44067.14,INR,CAPTURED,UPI,2024-02-29 00:00:00,2024-03-01
RPZ_4UFMHVJM,ORD_00057,41732.9,834.66,40898.24,INR,CAPTURED,DEBIT_CARD,2024-02-17 00:00:00,2024-02-20
RPZ_KE5TRHCE,ORD_00058,1101.18,0.0,1101.18,INR,REFUNDED,UPI,2024-02-03 00:00:00,
RPZ_BVI6PZ32,ORD_00059,11877.28,237.55,11639.73,INR,CAPTURED,CREDIT_CARD,2024-02-09 00:00:00,2024-02-10
RPZ_IAXE42FK,ORD_00060,39786.12,0.0,39786.12,INR,FAILED,WALLET,2024-02-09 00:00:00,
RPZ_TL9MDOEN,ORD_00061,43391.5,867.83,42523.67,INR,CAPTURED,NET_BANKING,2024-01-01 00:00:00,2024-01-03
RPZ_EMZ3BQC3,ORD_00062,23350.6,467.01,22883.59,INR,CAPTURED,UPI,2024-03-13 00:00:00,2024-03-15
RPZ_H9T413U4,ORD_00063,22464.51,449.29,22015.22,INR,CAPTURED,UPI,2024-03-26 00:00:00,2024-03-29
RPZ_ICUREC91,ORD_00064,26529.2,530.58,25998.62,INR,CAPTURED,UPI,2024-02-10 00:00:00,2024-02-11
RPZ_6E3NHC7V,ORD_00065,2126.1,42.52,2083.58,INR,CAPTURED,UPI,2024-02-11 00:00:00,2024-02-14
RPZ_5SQOST8U,ORD_00066,49549.4,0.0,49549.4,INR,FAILED,WALLET,2024-03-07 00:00:00,
RPZ_A7GXLREN,ORD_00067,5709.68,0.0,5709.68,INR,REFUNDED,UPI,2024-03-24 00:00:00,
RPZ_PHSN07H9,ORD_00068,10791.32,215.83,10575.49,INR,CAPTURED,WALLET,2024-01-15 00:00:00,2024-01-17
RPZ_8Z5VRCS8,ORD_00069,27032.6,540.65,26491.95,INR,CAPTURED,CREDIT_CARD,2024-02-02 00:00:00,2024-02-05
RPZ_MDAM4HCS,ORD_00070,22455.01,449.1,22005.91,INR,CAPTURED,DEBIT_CARD,2024-02-07 00:00:00,2024-02-10
RPZ_E22BXBEM,ORD_00071,22701.21,0.0,22701.21,INR,REFUNDED,DEBIT_CARD,2024-01-31 00:00:00,
RPZ_3ROVOHDF,ORD_00072,10535.36,0.0,10535.36,INR,FAILED,DEBIT_CARD,2024-02-13 00:00:00,
RPZ_LA5XT884,ORD_00073,2674.11,53.48,2620.63,INR,CAPTURED,DEBIT_CARD,2024-02-16 00:00:00,2024-02-18
RPZ_3NGB0FRZ,ORD_00074,27156.02,543.12,26612.9,INR,CAPTURED,WALLET,2024-02-05 00:00:00,2024-02-08
RPZ_P9BSZUL5,ORD_00075,18264.87,0.0,18264.87,INR,FAILED,NET_BANKING,2024-02-06 00:00:00,
RPZ_MBW4JW23,ORD_00076,47153.37,0.0,47153.37,INR,REFUNDED,CREDIT_CARD,2024-02-21 00:00:00,
RPZ_YHM5HORN,ORD_00077,49872.85,997.46,48875.39,INR,CAPTURED,NET_BANKING,2024-03-27 00:00:00,2024-03-30
RPZ_DQ0BRCYX,ORD_00078,43263.93,865.28,42398.65,INR,CAPTURED,WALLET,2024-03-26 00:00:00,2024-03-27
RPZ_TR6GV5FR,ORD_00079,38823.6,776.47,38047.13,INR,CAPTURED,CREDIT_CARD,2024-01-22 00:00:00,2024-01-23
RPZ_235JFHLN,ORD_00080,26715.51,534.31,26181.2,INR,CAPTURED,CREDIT_CARD,2024-02-03 00:00:00,2024-02-05
RPZ_RKSCH6L7,ORD_00081,8073.54,0.0,8073.54,INR,REFUNDED,DEBIT_CARD,2024-01-24 00:00:00,
RPZ_G4TZKJ51,ORD_00082,6562.17,131.24,6430.93,INR,CAPTURED,WALLET,2024-01-10 00:00:00,2024-01-12
RPZ_HR1HHR43,ORD_00083,1986.36,39.73,1946.63,INR,CAPTURED,UPI,2024-03-18 00:00:00,2024-03-20
RPZ_X0P27THX,ORD_00084,26878.95,537.58,26341.37,INR,CAPTURED,NET_BANKING,2024-02-08 00:00:00,2024-02-10
RPZ_XYXY79UD,ORD_00085,14436.99,288.74,14148.25,INR,CAPTURED,DEBIT_CARD,2024-02-26 00:00:00,2024-02-29
RPZ_64YLZ76U,ORD_00086,38580.74,771.61,37809.13,INR,CAPTURED,NET_BANKING,2024-01-29 00:00:00,2024-01-30
RPZ_H42KNH3H,ORD_00087,45113.36,902.27,44211.09,INR,CAPTURED,NET_BANKING,2024-03-29 00:00:00,2024-03-30
RPZ_TSM9FJ2M,ORD_00088,1497.71,29.95,1467.76,INR,CAPTURED,DEBIT_CARD,2024-01-15 00:00:00,2024-01-17
RPZ_LQV9MB75,ORD_00089,17570.93,351.42,17219.51,INR,CAPTURED,WALLET,2024-03-20 00:00:00,2024-03-22
RPZ_QOY70DBM,ORD_00090,39592.96,791.86,38801.1,INR,CAPTURED,UPI,2024-03-31 00:00:00,2024-04-03
RPZ_M4BJ3ZMV,ORD_00091,24866.18,497.32,24368.86,INR,CAPTURED,DEBIT_CARD,2024-01-15 00:00:00,2024-01-16
RPZ_VSJF9Z09,ORD_00092,7302.95,146.06,7156.89,INR,CAPTURED,DEBIT_CARD,2024-01-15 00:00:00,2024-01-16
RPZ_MVZNFYRV,ORD_00093,40967.96,819.36,40148.6,INR,CAPTURED,WALLET,2024-02-06 00:00:00,2024-02-07
RPZ_TXNR7LO2,ORD_00094,12076.92,241.54,11835.38,INR,CAPTURED,WALLET,2024-02-15 00:00:00,2024-02-18
RPZ_HHEVUSOV,ORD_00095,29309.35,586.19,28723.16,INR,CAPTURED,NET_BANKING,2024-02-01 00:00:00,2024-02-04
RPZ_W7ERDJOF,ORD_00096,31894.25,0.0,31894.25,INR,FAILED,CREDIT_CARD,2024-01-18 00:00:00,
RPZ_SA5WRTMT,ORD_00097,34865.0,697.3,34167.7,INR,CAPTURED,DEBIT_CARD,2024-02-21 00:00:00,2024-02-22
RPZ_GTK98P31,ORD_00098,42434.38,848.69,41585.69,INR,CAPTURED,NET_BANKING,2024-03-21 00:00:00,2024-03-23
RPZ_OI1ZREBW,ORD_00099,41549.12,0.0,41549.12,INR,REFUNDED,WALLET,2024-02-23 00:00:00,
RPZ_M9NG8WF8,ORD_00101,3829.05,76.58,3752.47,INR,CAPTURED,CREDIT_CARD,2024-03-30 00:00:00,2024-03-31
RPZ_0EY61OF2,ORD_00102,44708.2,894.16,43814.04,INR,CAPTURED,DEBIT_CARD,2024-01-09 00:00:00,2024-01-12
RPZ_ORQ8WH2F,ORD_00103,6551.83,131.04,6420.79,INR,CAPTURED,NET_BANKING,2024-01-02 00:00:00,2024-01-04
RPZ_J8D3L8N9,ORD_00104,704.82,14.1,690.72,INR,CAPTURED,NET_BANKING,2024-01-14 00:00:00,2024-01-16
RPZ_1DTEFHYN,ORD_00105,19287.86,0.0,19287.86,INR,FAILED,WALLET,2024-02-16 00:00:00,
RPZ_QL98H6H4,ORD_00106,29742.31,594.85,29147.46,INR,CAPTURED,NET_BANKING,2024-01-29 00:00:00,2024-02-01
RPZ_X2PZY6C4,ORD_00107,45580.72,911.61,44669.11,INR,CAPTURED,UPI,2024-01-16 00:00:00,2024-01-17
RPZ_N8WV63UX,ORD_00109,30569.24,611.38,29957.86,INR,CAPTURED,WALLET,2024-02-13 00:00:00,2024-02-16
RPZ_RWD0KVDQ,ORD_00110,25313.12,0.0,25313.12,INR,FAILED,WALLET,2024-03-14 00:00:00,
RPZ_HMXNDSG5,ORD_00111,1611.11,32.22,1578.89,INR,CAPTURED,CREDIT_CARD,2024-01-23 00:00:00,2024-01-25
RPZ_KJ1B30U6,ORD_00112,31277.71,0.0,31277.71,INR,FAILED,UPI,2024-01-13 00:00:00,
RPZ_BH4EA8EU,ORD_00113,49927.98,0.0,49927.98,INR,FAILED,UPI,2024-02-24 00:00:00,
RPZ_TQZ3XVPI,ORD_00114,3425.22,68.5,3356.72,INR,CAPTURED,CREDIT_CARD,2024-03-03 00:00:00,2024-03-04
RPZ_JBHW0XJA,ORD_00115,6034.09,120.68,5913.41,INR,CAPTURED,UPI,2024-02-15 00:00:00,2024-02-18
RPZ_QCKZMOU4,ORD_00117,19891.3,397.83,19493.47,INR,CAPTURED,CREDIT_CARD,2024-03-30 00:00:00,2024-04-02
RPZ_IZ2TBGX7,ORD_00118,46682.26,933.65,45748.61,INR,CAPTURED,NET_BANKING,2024-02-23 00:00:00,2024-02-25
RPZ_CW52BRMC,ORD_00119,46674.4,0.0,46674.4,INR,REFUNDED,WALLET,2024-02-08 00:00:00,
RPZ_WIVBXXDI,ORD_00121,46677.39,0.0,46677.39,INR,REFUNDED,DEBIT_CARD,2024-01-04 00:00:00,
RPZ_QV8J48U9,ORD_00122,31658.21,633.16,31025.05,INR,CAPTURED,DEBIT_CARD,2024-01-20 00:00:00,2024-01-22
RPZ_KU71B24C,ORD_00123,42153.49,0.0,42153.49,INR,REFUNDED,DEBIT_CARD,2024-03-21 00:00:00,
RPZ_6M33GCC7,ORD_00124,44704.73,894.09,43810.64,INR,CAPTURED,WALLET,2024-01-10 00:00:00,2024-01-13
RPZ_FM7DPVHY,ORD_00125,37947.27,758.95,37188.32,INR,CAPTURED,UPI,2024-01-19 00:00:00,2024-01-21
RPZ_JIKUPAJ1,ORD_00126,5360.88,0.0,5360.88,INR,FAILED,CREDIT_CARD,2024-03-22 00:00:00,
RPZ_RJDOUTYA,ORD_00127,4613.47,0.0,4613.47,INR,REFUNDED,WALLET,2024-03-24 00:00:00,
RPZ_CEEUENVM,ORD_00128,10312.62,0.0,10312.62,INR,FAILED,CREDIT_CARD,2024-02-07 00:00:00,
RPZ_5R5W9BLE,ORD_00129,2638.85,52.78,2586.07,INR,CAPTURED,CREDIT_CARD,2024-01-04 00:00:00,2024-01-07
RPZ_T0RL4ML1,ORD_00130,44170.73,883.41,43287.32,INR,CAPTURED,UPI,2024-01-01 00:00:00,2024-01-03
RPZ_87BVAAHP,ORD_00131,49036.41,980.73,48055.68,INR,CAPTURED,NET_BANKING,2024-02-29 00:00:00,2024-03-03
RPZ_T7GDVMO5,ORD_00132,14133.72,0.0,14133.72,INR,REFUNDED,WALLET,2024-01-19 00:00:00,
RPZ_OJ7F36QU,ORD_00133,4301.27,86.03,4215.24,INR,CAPTURED,WALLET,2024-02-27 00:00:00,2024-03-01
RPZ_9UIN1F32,ORD_00134,927.14,0.0,927.14,INR,REFUNDED,DEBIT_CARD,2024-01-31 00:00:00,
RPZ_TFUGR9AG,ORD_00135,8802.47,0.0,8802.47,INR,REFUNDED,CREDIT_CARD,2024-02-16 00:00:00,
RPZ_BK7LDEF1,ORD_00136,37195.41,743.91,36451.5,INR,CAPTURED,NET_BANKING,2024-01-05 00:00:00,2024-01-06
RPZ_OHYH66AU,ORD_00137,12095.96,241.92,11854.04,INR,CAPTURED,CREDIT_CARD,2024-02-02 00:00:00,2024-02-03
RPZ_KTKEXQK2,ORD_00138,35540.54,710.81,34829.73,INR,CAPTURED,DEBIT_CARD,2024-01-20 00:00:00,2024-01-23
RPZ_6RI8DPEW,ORD_00139,33661.42,673.23,32988.19,INR,CAPTURED,NET_BANKING,2024-03-08 00:00:00,2024-03-10
RPZ_7Z4SK7ZD,ORD_00140,30486.95,0.0,30486.95,INR,REFUNDED,WALLET,2024-03-17 00:00:00,
RPZ_OE9P02RY,ORD_00141,35806.03,716.12,35089.91,INR,CAPTURED,NET_BANKING,2024-03-19 00:00:00,2024-03-22
RPZ_CHKHUISU,ORD_00142,9234.6,184.69,9049.91,INR,CAPTURED,CREDIT_CARD,2024-03-01 00:00:00,2024-03-03
RPZ_X72G0ZM1,ORD_00143,17174.62,343.49,16831.13,INR,CAPTURED,CREDIT_CARD,2024-03-24 00:00:00,2024-03-26
RPZ_SR5RUBPA,ORD_00144,9337.26,0.0,9337.26,INR,FAILED,WALLET,2024-01-14 00:00:00,
RPZ_HKM60KZT,ORD_00145,15499.98,0.0,15499.98,INR,REFUNDED,DEBIT_CARD,2024-01-04 00:00:00,
RPZ_ZZZ3ONBP,ORD_00146,13513.29,270.27,13243.02,INR,CAPTURED,WALLET,2024-02-09 00:00:00,2024-02-11
RPZ_5QJM9YVB,ORD_00147,38165.54,0.0,38165.54,INR,REFUNDED,UPI,2024-01-26 00:00:00,
RPZ_PYGSEQMF,ORD_00148,26378.92,0.0,26378.92,INR,REFUNDED,WALLET,2024-01-19 00:00:00,
RPZ_U0MRMRD6,ORD_00149,19463.19,0.0,19463.19,INR,FAILED,CREDIT_CARD,2024-03-13 00:00:00,
RPZ_ETIIAR7J,ORD_00150,48361.46,967.23,47394.23,INR,CAPTURED,DEBIT_CARD,2024-02-28 00:00:00,2024-02-29
RPZ_FZJ3G8J9,ORD_00151,46770.53,935.41,45835.12,INR,CAPTURED,NET_BANKING,2024-03-27 00:00:00,2024-03-29
RPZ_UW7RZ5R5,ORD_00152,29563.87,0.0,29563.87,INR,FAILED,NET_BANKING,2024-03-23 00:00:00,
RPZ_CZ5443IT,ORD_00153,7469.48,0.0,7469.48,INR,FAILED,WALLET,2024-01-07 00:00:00,
RPZ_8TA4XSXA,ORD_00154,23617.32,472.35,23144.97,INR,CAPTURED,NET_BANKING,2024-03-14 00:00:00,2024-03-16
RPZ_G0T8H8AZ,ORD_00155,39969.99,799.4,39170.59,INR,CAPTURED,CREDIT_CARD,2024-03-20 00:00:00,2024-03-22
RPZ_VNNQD5TT,ORD_00156,43920.11,878.4,43041.71,INR,CAPTURED,WALLET,2024-03-09 00:00:00,2024-03-11
RPZ_UN2DRVE2,ORD_00157,25722.65,514.45,25208.2,INR,CAPTURED,NET_BANKING,2024-01-16 00:00:00,2024-01-17
RPZ_1COMH5UM,ORD_00158,12965.76,259.32,12706.44,INR,CAPTURED,WALLET,2024-01-29 00:00:00,2024-02-01
RPZ_GXR6648B,ORD_00159,26100.87,0.0,26100.87,INR,REFUNDED,UPI,2024-02-22 00:00:00,
RPZ_PIO6U227,ORD_00160,6758.96,0.0,6758.96,INR,FAILED,NET_BANKING,2024-01-21 00:00:00,
RPZ_8UU8FFNS,ORD_00161,13229.59,0.0,13229.59,INR,FAILED,UPI,2024-03-09 00:00:00,
RPZ_CPPKAPNN,ORD_00163,4821.36,96.43,4724.93,INR,CAPTURED,CREDIT_CARD,2024-03-09 00:00:00,2024-03-10
RPZ_F41KGEVJ,ORD_00164,41772.27,835.45,40936.82,INR,CAPTURED,DEBIT_CARD,2024-02-08 00:00:00,2024-02-09
RPZ_3F2F7M2I,ORD_00165,619.18,12.38,606.8,INR,CAPTURED,UPI,2024-01-27 00:00:00,2024-01-29
RPZ_X8UBMM36,ORD_00166,38273.16,765.46,37507.7,INR,CAPTURED,UPI,2024-02-23 00:00:00,2024-02-24
RPZ_39H32CYU,ORD_00167,46503.25,930.07,45573.18,INR,CAPTURED,DEBIT_CARD,2024-03-19 00:00:00,2024-03-20
RPZ_VWD0VY1I,ORD_00168,6405.49,0.0,6405.49,INR,REFUNDED,WALLET,2024-03-19 00:00:00,
RPZ_4SD4GTYT,ORD_00169,27593.18,551.86,27041.32,INR,CAPTURED,NET_BANKING,2024-03-01 00:00:00,2024-03-04
RPZ_BFPNX8GV,ORD_00170,11975.51,0.0,11975.51,INR,REFUNDED,WALLET,2024-02-15 00:00:00,
RPZ_0O9U5GA3,ORD_00171,43112.57,862.25,42250.32,INR,CAPTURED,CREDIT_CARD,2024-03-30 00:00:00,2024-04-02
RPZ_TW7K593T,ORD_00172,22972.71,459.45,22513.26,INR,CAPTURED,UPI,2024-02-25 00:00:00,2024-02-26
RPZ_PGNZHTX3,ORD_00173,18984.55,379.69,18604.86,INR,CAPTURED,NET_BANKING,2024-01-06 00:00:00,2024-01-09
RPZ_HL3KERAV,ORD_00174,12136.85,242.74,11894.11,INR,CAPTURED,NET_BANKING,2024-02-19 00:00:00,2024-02-21
RPZ_P0KQ6LIM,ORD_00175,47197.1,943.94,46253.16,INR,CAPTURED,CREDIT_CARD,2024-01-14 00:00:00,2024-01-17
RPZ_2IXDFMK2,ORD_00176,27297.29,545.95,26751.34,INR,CAPTURED,WALLET,2024-01-20 00:00:00,2024-01-21
RPZ_OTR6Y5G5,ORD_00177,31681.85,633.64,31048.21,INR,CAPTURED,DEBIT_CARD,2024-03-14 00:00:00,2024-03-15
RPZ_VMJQ62EP,ORD_00178,11031.28,220.63,10810.65,INR,CAPTURED,DEBIT_CARD,2024-03-22 00:00:00,2024-03-23
RPZ_UEZ5IWEV,ORD_00179,1628.34,0.0,1628.34,INR,REFUNDED,CREDIT_CARD,2024-01-11 00:00:00,
RPZ_NOKP8E9H,ORD_00180,33891.27,677.83,33213.44,INR,CAPTURED,UPI,2024-02-03 00:00:00,2024-02-06
RPZ_NNIMBXXX,ORD_00181,8215.05,164.3,8050.75,INR,CAPTURED,WALLET,2024-02-22 00:00:00,2024-02-24
RPZ_NB2Q5W47,ORD_00183,1468.18,29.36,1438.82,INR,CAPTURED,NET_BANKING,2024-03-19 00:00:00,2024-03-22
RPZ_SJBQC0ZP,ORD_00184,16364.37,327.29,16037.08,INR,CAPTURED,NET_BANKING,2024-02-24 00:00:00,2024-02-27
RPZ_JDRXT33I,ORD_00185,9981.2,0.0,9981.2,INR,REFUNDED,UPI,2024-03-13 00:00:00,
RPZ_JXYDPU83,ORD_00186,39743.59,794.87,38948.72,INR,CAPTURED,NET_BANKING,2024-01-20 00:00:00,2024-01-23
RPZ_01H2WJ7N,ORD_00187,24834.08,496.68,24337.4,INR,CAPTURED,WALLET,2024-02-06 00:00:00,2024-02-09
RPZ_U6RQEO0X,ORD_00188,18185.71,0.0,18185.71,INR,FAILED,CREDIT_CARD,2024-01-01 00:00:00,
RPZ_USNY1TPI,ORD_00189,6570.73,131.41,6439.32,INR,CAPTURED,DEBIT_CARD,2024-01-16 00:00:00,2024-01-17
RPZ_QS976S36,ORD_00190,17031.91,340.64,16691.27,INR,CAPTURED,DEBIT_CARD,2024-03-20 00:00:00,2024-03-22
RPZ_OKZ5DAIQ,ORD_00191,43497.79,869.96,42627.83,INR,CAPTURED,DEBIT_CARD,2024-02-04 00:00:00,2024-02-05
RPZ_0KLF0KS1,ORD_00192,10863.22,0.0,10863.22,INR,FAILED,WALLET,2024-03-23 00:00:00,
RPZ_LWOSXMPY,ORD_00193,35789.38,715.79,35073.59,INR,CAPTURED,UPI,2024-03-04 00:00:00,2024-03-07
RPZ_WTB9EFCJ,ORD_00194,13451.34,269.03,13182.31,INR,CAPTURED,WALLET,2024-03-05 00:00:00,2024-03-06
RPZ_KLSFRV06,ORD_00195,665.73,13.31,652.42,INR,CAPTURED,WALLET,2024-01-16 00:00:00,2024-01-19
RPZ_GQTMBYWM,ORD_00196,34112.6,682.25,33430.35,INR,CAPTURED,CREDIT_CARD,2024-03-06 00:00:00,2024-03-07
RPZ_7DYPOIE0,ORD_00199,49553.66,991.07,48562.59,INR,CAPTURED,CREDIT_CARD,2024-03-08 00:00:00,2024-03-11
RPZ_8WD1XHJ7,ORD_00200,18409.82,368.2,18041.62,INR,CAPTURED,DEBIT_CARD,2024-02-14 00:00:00,2024-02-17
RPZ_GNNB7E8H,ORD_00201,48951.73,979.03,47972.7,INR,CAPTURED,DEBIT_CARD,2024-01-25 00:00:00,2024-01-27
RPZ_LQ556CL8,ORD_00202,44374.69,887.49,43487.2,INR,CAPTURED,WALLET,2024-01-21 00:00:00,2024-01-23
RPZ_3HGJR1ZU,ORD_00203,38305.67,766.11,37539.56,INR,CAPTURED,NET_BANKING,2024-02-17 00:00:00,2024-02-19
RPZ_NOKIEOJZ,ORD_00204,13635.36,272.71,13362.65,INR,CAPTURED,CREDIT_CARD,2024-01-12 00:00:00,2024-01-14
RPZ_X14OWQBQ,ORD_00205,30348.74,606.97,29741.77,INR,CAPTURED,WALLET,2024-01-28 00:00:00,2024-01-29
RPZ_MRK2SGI9,ORD_00206,12171.82,0.0,12171.82,INR,FAILED,DEBIT_CARD,2024-01-30 00:00:00,
RPZ_ZB35DUPU,ORD_00207,4501.93,0.0,4501.93,INR,FAILED,CREDIT_CARD,2024-03-14 00:00:00,
RPZ_BX3O87R8,ORD_00208,16174.06,0.0,16174.06,INR,FAILED,NET_BANKING,2024-03-19 00:00:00,
RPZ_3ALLSMN1,ORD_00209,43046.58,860.93,42185.65,INR,CAPTURED,CREDIT_CARD,2024-02-20 00:00:00,2024-02-22
RPZ_KWQJ9DTE,ORD_00211,30648.17,0.0,30648.17,INR,REFUNDED,NET_BANKING,2024-03-26 00:00:00,
RPZ_2KKO0STL,ORD_00212,49658.02,993.16,48664.86,INR,CAPTURED,WALLET,2024-02-29 00:00:00,2024-03-03
RPZ_SRFVOSTC,ORD_00213,15967.49,319.35,15648.14,INR,CAPTURED,DEBIT_CARD,2024-01-22 00:00:00,2024-01-24
RPZ_9XDXNWRU,ORD_00214,29118.88,582.38,28536.5,INR,CAPTURED,UPI,2024-03-30 00:00:00,2024-04-02
RPZ_P3OLZ5TP,ORD_00215,29932.91,0.0,29932.91,INR,REFUNDED,CREDIT_CARD,2024-01-04 00:00:00,
RPZ_TBCUBH6X,ORD_00216,19484.09,0.0,19484.09,INR,FAILED,WALLET,2024-03-19 00:00:00,
RPZ_8B54Y8SF,ORD_00217,25667.64,513.35,25154.29,INR,CAPTURED,WALLET,2024-01-16 00:00:00,2024-01-19
RPZ_TDACXGNO,ORD_00218,20505.45,0.0,20505.45,INR,FAILED,UPI,2024-01-05 00:00:00,
RPZ_4SN3TI4A,ORD_00219,28109.12,0.0,28109.12,INR,FAILED,DEBIT_CARD,2024-02-17 00:00:00,
RPZ_JWDI53NU,ORD_00220,43030.05,860.6,42169.45,INR,CAPTURED,WALLET,2024-02-27 00:00:00,2024-03-01
RPZ_CPJWVVTR,ORD_00221,43028.25,860.57,42167.68,INR,CAPTURED,DEBIT_CARD,2024-02-27 00:00:00,2024-02-29
RPZ_UOVA1RKI,ORD_00222,49625.05,992.5,48632.55,INR,CAPTURED,DEBIT_CARD,2024-02-05 00:00:00,2024-02-08
RPZ_8XSR4Z47,ORD_00223,12948.06,258.96,12689.1,INR,CAPTURED,NET_BANKING,2024-01-13 00:00:00,2024-01-15
RPZ_DZN2PZBY,ORD_00224,20632.37,0.0,20632.37,INR,FAILED,WALLET,2024-02-24 00:00:00,
RPZ_NL7ULAEL,ORD_00225,12924.68,258.49,12666.19,INR,CAPTURED,NET_BANKING,2024-02-02 00:00:00,2024-02-04
RPZ_QHKSRUJY,ORD_00226,36936.06,738.72,36197.34,INR,CAPTURED,DEBIT_CARD,2024-02-16 00:00:00,2024-02-19
RPZ_WBZLL47U,ORD_00227,49628.17,0.0,49628.17,INR,REFUNDED,WALLET,2024-02-28 00:00:00,
RPZ_EGP00C6X,ORD_00228,42407.07,848.14,41558.93,INR,CAPTURED,CREDIT_CARD,2024-03-06 00:00:00,2024-03-09
RPZ_ETZDLGDO,ORD_00229,19040.05,0.0,19040.05,INR,FAILED,UPI,2024-02-29 00:00:00,
RPZ_NJOOSGJH,ORD_00231,17436.32,348.73,17087.59,INR,CAPTURED,NET_BANKING,2024-03-29 00:00:00,2024-04-01
RPZ_UZ6FB80S,ORD_00232,48064.07,0.0,48064.07,INR,REFUNDED,UPI,2024-01-29 00:00:00,
RPZ_LSGKYZEJ,ORD_00233,28471.15,569.42,27901.73,INR,CAPTURED,DEBIT_CARD,2024-02-14 00:00:00,2024-02-16
RPZ_8PA67UYD,ORD_00234,23431.38,0.0,23431.38,INR,REFUNDED,WALLET,2024-02-18 00:00:00,
RPZ_6P4QFZZ2,ORD_00235,25454.59,0.0,25454.59,INR,REFUNDED,NET_BANKING,2024-01-31 00:00:00,
RPZ_T028RST4,ORD_00236,42400.94,0.0,42400.94,INR,FAILED,WALLET,2024-02-06 00:00:00,
RPZ_FOIISMN9,ORD_00237,11683.85,233.68,11450.17,INR,CAPTURED,WALLET,2024-02-11 00:00:00,2024-02-13
RPZ_AH9ZD7MW,ORD_00238,27192.55,543.85,26648.7,INR,CAPTURED,WALLET,2024-03-22 00:00:00,2024-03-23
RPZ_CQADRXLI,ORD_00239,48261.27,0.0,48261.27,INR,FAILED,UPI,2024-01-27 00:00:00,
RPZ_XMSSOJEU,ORD_00240,29720.38,594.41,29125.97,INR,CAPTURED,WALLET,2024-01-31 00:00:00,2024-02-02
RPZ_VRHJHR0S,ORD_00241,26451.52,0.0,26451.52,INR,REFUNDED,NET_BANKING,2024-03-22 00:00:00,
RPZ_CL3EPWUF,ORD_00242,460.0,9.2,450.8,INR,CAPTURED,NET_BANKING,2024-01-19 00:00:00,2024-01-21
RPZ_0N8AUQKF,ORD_00243,27579.2,0.0,27579.2,INR,FAILED,UPI,2024-03-08 00:00:00,
RPZ_J7EROS5P,ORD_00244,33237.53,0.0,33237.53,INR,FAILED,CREDIT_CARD,2024-03-16 00:00:00,
RPZ_TFW4MWFO,ORD_00245,32927.81,658.56,32269.25,INR,CAPTURED,DEBIT_CARD,2024-01-31 00:00:00,2024-02-01
RPZ_FS0L4VU2,ORD_00246,28754.76,575.1,28179.66,INR,CAPTURED,UPI,2024-01-07 00:00:00,2024-01-10
RPZ_1CMTQ0N2,ORD_00247,45377.74,0.0,45377.74,INR,FAILED,UPI,2024-01-18 00:00:00,
RPZ_U79SM112,ORD_00248,19117.15,382.34,18734.81,INR,CAPTURED,WALLET,2024-01-10 00:00:00,2024-01-12
RPZ_SXGNJ97A,ORD_00249,44768.58,0.0,44768.58,INR,FAILED,NET_BANKING,2024-03-30 00:00:00,
RPZ_FWJL21JW,ORD_00250,722.06,0.0,722.06,INR,FAILED,WALLET,2024-01-17 00:00:00,
RPZ_Z9ALI33E,ORD_00251,12141.08,242.82,11898.26,INR,CAPTURED,NET_BANKING,2024-03-30 00:00:00,2024-03-31
RPZ_2KQZ4CPK,ORD_00252,14423.78,0.0,14423.78,INR,REFUNDED,CREDIT_CARD,2024-03-27 00:00:00,
RPZ_0YP5A4M0,ORD_00253,31379.6,627.59,30752.01,INR,CAPTURED,DEBIT_CARD,2024-03-07 00:00:00,2024-03-09
RPZ_PJSN8GBU,ORD_00254,37177.22,743.54,36433.68,INR,CAPTURED,CREDIT_CARD,2024-03-06 00:00:00,2024-03-07
RPZ_NE41P7EL,ORD_00255,27528.93,550.58,26978.35,INR,CAPTURED,UPI,2024-03-07 00:00:00,2024-03-08
RPZ_TEP70JMC,ORD_00256,36542.59,730.85,35811.74,INR,CAPTURED,DEBIT_CARD,2024-01-21 00:00:00,2024-01-23
RPZ_SHI4WYL5,ORD_00257,40825.73,816.51,40009.22,INR,CAPTURED,DEBIT_CARD,2024-01-12 00:00:00,2024-01-14
RPZ_E8Q3F7VM,ORD_00258,29745.6,594.91,29150.69,INR,CAPTURED,DEBIT_CARD,2024-01-01 00:00:00,2024-01-03
RPZ_NZY53QSQ,ORD_00259,49431.81,988.64,48443.17,INR,CAPTURED,CREDIT_CARD,2024-02-23 00:00:00,2024-02-24
RPZ_DLRE9FG8,ORD_00260,26020.28,0.0,26020.28,INR,FAILED,NET_BANKING,2024-01-13 00:00:00,
RPZ_CDXVHO13,ORD_00261,36058.58,721.17,35337.41,INR,CAPTURED,CREDIT_CARD,2024-02-27 00:00:00,2024-02-28
RPZ_GHNQHOMU,ORD_00262,1037.31,20.75,1016.56,INR,CAPTURED,DEBIT_CARD,2024-03-01 00:00:00,2024-03-03
RPZ_85I9EGSY,ORD_00263,31492.09,629.84,30862.25,INR,CAPTURED,DEBIT_CARD,2024-03-13 00:00:00,2024-03-16
RPZ_EOQ70DDJ,ORD_00264,1576.37,0.0,1576.37,INR,FAILED,WALLET,2024-01-02 00:00:00,
RPZ_AVZ2PBTP,ORD_00265,13205.01,0.0,13205.01,INR,FAILED,WALLET,2024-02-19 00:00:00,
RPZ_8HZLG2ZD,ORD_00266,583.86,11.68,572.18,INR,CAPTURED,NET_BANKING,2024-02-04 00:00:00,2024-02-06
RPZ_DCVZV1V9,ORD_00268,45683.87,913.68,44770.19,INR,CAPTURED,CREDIT_CARD,2024-03-12 00:00:00,2024-03-13
RPZ_02IO1BXX,ORD_00269,534.66,10.69,523.97,INR,CAPTURED,WALLET,2024-03-14 00:00:00,2024-03-17
RPZ_UIB4R9SE,ORD_00270,16348.01,0.0,16348.01,INR,REFUNDED,UPI,2024-02-02 00:00:00,
RPZ_MT5A5UXD,ORD_00271,5245.39,104.91,5140.48,INR,CAPTURED,NET_BANKING,2024-01-16 00:00:00,2024-01-19
RPZ_IAVN7AA7,ORD_00272,575.56,11.51,564.05,INR,CAPTURED,DEBIT_CARD,2024-01-01 00:00:00,2024-01-03
RPZ_5TTQSS35,ORD_00273,8815.84,176.32,8639.52,INR,CAPTURED,WALLET,2024-02-14 00:00:00,2024-02-16
RPZ_X7VJ2ZXT,ORD_00275,46589.87,931.8,45658.07,INR,CAPTURED,CREDIT_CARD,2024-03-07 00:00:00,2024-03-08
RPZ_I3NEULQE,ORD_00276,9686.58,0.0,9686.58,INR,FAILED,NET_BANKING,2024-02-28 00:00:00,
RPZ_H11OYC8M,ORD_00277,36154.29,723.09,35431.2,INR,CAPTURED,DEBIT_CARD,2024-03-09 00:00:00,2024-03-10
RPZ_C5GQRCCS,ORD_00278,8479.81,0.0,8479.81,INR,REFUNDED,WALLET,2024-01-11 00:00:00,
RPZ_0WMEB9LE,ORD_00279,7666.36,153.33,7513.03,INR,CAPTURED,DEBIT_CARD,2024-02-16 00:00:00,2024-02-17
RPZ_6MMBM7OO,ORD_00280,40947.72,818.95,40128.77,INR,CAPTURED,DEBIT_CARD,2024-01-26 00:00:00,2024-01-29
RPZ_H8RIK01J,ORD_00281,45112.02,902.24,44209.78,INR,CAPTURED,WALLET,2024-03-26 00:00:00,2024-03-29
RPZ_BH6Q0LV0,ORD_00282,15149.88,0.0,15149.88,INR,REFUNDED,CREDIT_CARD,2024-03-24 00:00:00,
RPZ_LA0PE1SW,ORD_00283,43658.97,873.18,42785.79,INR,CAPTURED,DEBIT_CARD,2024-03-07 00:00:00,2024-03-08
RPZ_RRGJCVXD,ORD_00284,34338.49,686.77,33651.72,INR,CAPTURED,WALLET,2024-03-18 00:00:00,2024-03-19
RPZ_JOGTGBHJ,ORD_00285,14888.09,297.76,14590.33,INR,CAPTURED,CREDIT_CARD,2024-03-02 00:00:00,2024-03-05
RPZ_MA7XJCIH,ORD_00286,12284.16,245.68,12038.48,INR,CAPTURED,DEBIT_CARD,2024-03-24 00:00:00,2024-03-26
RPZ_Q6IFGQEY,ORD_00287,4624.2,92.48,4531.72,INR,CAPTURED,WALLET,2024-03-08 00:00:00,2024-03-09
RPZ_4WBRNQLX,ORD_00288,18276.06,365.52,17910.54,INR,CAPTURED,DEBIT_CARD,2024-03-15 00:00:00,2024-03-16
RPZ_UXOAFNYR,ORD_00289,19627.43,392.55,19234.88,INR,CAPTURED,WALLET,2024-01-16 00:00:00,2024-01-18
RPZ_49IJKVSN,ORD_00290,11702.7,234.05,11468.65,INR,CAPTURED,CREDIT_CARD,2024-02-20 00:00:00,2024-02-22
RPZ_UN32G9VZ,ORD_00291,28150.92,563.02,27587.9,INR,CAPTURED,UPI,2024-02-18 00:00:00,2024-02-19
RPZ_OTXRVTA4,ORD_00292,9856.91,0.0,9856.91,INR,FAILED,CREDIT_CARD,2024-02-19 00:00:00,
RPZ_KBU8Q5YG,ORD_00293,12508.68,250.17,12258.51,INR,CAPTURED,CREDIT_CARD,2024-02-19 00:00:00,2024-02-21
RPZ_6MIZ11TK,ORD_00294,1752.28,35.05,1717.23,INR,CAPTURED,DEBIT_CARD,2024-03-20 00:00:00,2024-03-21
RPZ_D28FHCN6,ORD_00295,23691.24,0.0,23691.24,INR,FAILED,DEBIT_CARD,2024-02-26 00:00:00,
RPZ_RMBZPNX5,ORD_00296,1712.3,34.25,1678.05,INR,CAPTURED,WALLET,2024-02-15 00:00:00,2024-02-17
RPZ_8GXN82LF,ORD_00298,43374.36,867.49,42506.87,INR,CAPTURED,NET_BANKING,2024-02-07 00:00:00,2024-02-10
RPZ_LZGLSXZK,ORD_00299,1029.76,0.0,1029.76,INR,REFUNDED,DEBIT_CARD,2024-01-28 00:00:00,
RPZ_MOYANDST,ORD_00300,21946.82,438.94,21507.88,INR,CAPTURED,DEBIT_CARD,2024-03-02 00:00:00,2024-03-03
RPZ_4RLE2JRQ,ORD_00301,18538.47,370.77,18167.7,INR,CAPTURED,WALLET,2024-01-22 00:00:00,2024-01-25
RPZ_4ESQ6IXD,ORD_00302,15927.95,0.0,15927.95,INR,FAILED,WALLET,2024-02-27 00:00:00,
RPZ_N5V16D67,ORD_00303,22193.12,0.0,22193.12,INR,FAILED,WALLET,2024-02-12 00:00:00,
RPZ_O4W8QKJL,ORD_00304,9424.41,188.49,9235.92,INR,CAPTURED,DEBIT_CARD,2024-01-18 00:00:00,2024-01-21
RPZ_GOJPV5MD,ORD_00305,32332.18,0.0,32332.18,INR,REFUNDED,NET_BANKING,2024-01-01 00:00:00,
RPZ_2RDGKQFL,ORD_00306,28510.78,570.22,27940.56,INR,CAPTURED,UPI,2024-01-26 00:00:00,2024-01-27
RPZ_UZ2NPYBN,ORD_00307,48260.0,965.2,47294.8,INR,CAPTURED,CREDIT_CARD,2024-02-15 00:00:00,2024-02-18
RPZ_RGE2Y5RG,ORD_00308,21307.37,426.15,20881.22,INR,CAPTURED,UPI,2024-02-18 00:00:00,2024-02-19
RPZ_R0LISTTR,ORD_00309,47465.33,949.31,46516.02,INR,CAPTURED,WALLET,2024-02-10 00:00:00,2024-02-11
RPZ_7UUA4KSW,ORD_00310,38671.32,0.0,38671.32,INR,FAILED,DEBIT_CARD,2024-01-05 00:00:00,
RPZ_FL18CB30,ORD_00311,18182.38,363.65,17818.73,INR,CAPTURED,DEBIT_CARD,2024-01-21 00:00:00,2024-01-22
RPZ_US1T9I60,ORD_00312,1930.66,38.61,1892.05,INR,CAPTURED,UPI,2024-03-22 00:00:00,2024-03-25
RPZ_55PY8N37,ORD_00313,21092.74,421.85,20670.89,INR,CAPTURED,UPI,2024-02-16 00:00:00,2024-02-18
RPZ_ONXJP74T,ORD_00315,23435.97,468.72,22967.25,INR,CAPTURED,NET_BANKING,2024-01-24 00:00:00,2024-01-27
RPZ_HI5CP4A1,ORD_00316,44676.44,893.53,43782.91,INR,CAPTURED,DEBIT_CARD,2024-02-05 00:00:00,2024-02-07
RPZ_WLG6D3S9,ORD_00317,36444.88,728.9,35715.98,INR,CAPTURED,CREDIT_CARD,2024-01-06 00:00:00,2024-01-07
RPZ_4KQZT134,ORD_00318,20091.19,401.82,19689.37,INR,CAPTURED,NET_BANKING,2024-03-17 00:00:00,2024-03-20
RPZ_O5CQ1L1O,ORD_00319,45981.89,0.0,45981.89,INR,REFUNDED,UPI,2024-02-25 00:00:00,
RPZ_TPIK2HYY,ORD_00321,2360.13,47.2,2312.93,INR,CAPTURED,CREDIT_CARD,2024-03-31 00:00:00,2024-04-03
RPZ_OKLLC4T3,ORD_00322,37455.04,749.1,36705.94,INR,CAPTURED,CREDIT_CARD,2024-02-14 00:00:00,2024-02-16
RPZ_QO5LX6JL,ORD_00324,35271.77,705.44,34566.33,INR,CAPTURED,WALLET,2024-02-19 00:00:00,2024-02-22
RPZ_76GI77FB,ORD_00325,21398.15,427.96,20970.19,INR,CAPTURED,DEBIT_CARD,2024-01-06 00:00:00,2024-01-08
RPZ_R9WIYHX4,ORD_00326,48957.35,979.15,47978.2,INR,CAPTURED,NET_BANKING,2024-02-18 00:00:00,2024-02-19
RPZ_ISLV1BDA,ORD_00327,8605.16,172.1,8433.06,INR,CAPTURED,NET_BANKING,2024-03-09 00:00:00,2024-03-10
RPZ_FSMW05PI,ORD_00328,20628.46,412.57,20215.89,INR,CAPTURED,CREDIT_CARD,2024-02-27 00:00:00,2024-03-01
RPZ_OFO320C4,ORD_00329,36619.48,0.0,36619.48,INR,REFUNDED,DEBIT_CARD,2024-02-20 00:00:00,
RPZ_MFR2P9FJ,ORD_00330,23346.31,466.93,22879.38,INR,CAPTURED,NET_BANKING,2024-01-29 00:00:00,2024-02-01
RPZ_URNVRM4P,ORD_00331,35940.49,0.0,35940.49,INR,FAILED,WALLET,2024-03-18 00:00:00,
RPZ_BNN8IIAF,ORD_00332,8666.22,173.32,8492.9,INR,CAPTURED,WALLET,2024-01-10 00:00:00,2024-01-11
RPZ_R7D07J9T,ORD_00333,26510.23,0.0,26510.23,INR,FAILED,NET_BANKING,2024-01-08 00:00:00,
RPZ_09C1VMMJ,ORD_00335,35042.33,0.0,35042.33,INR,FAILED,NET_BANKING,2024-02-12 00:00:00,
RPZ_SD71SDXE,ORD_00336,35373.66,707.47,34666.19,INR,CAPTURED,UPI,2024-02-02 00:00:00,2024-02-05
RPZ_WTNVF3N2,ORD_00337,16197.11,0.0,16197.11,INR,REFUNDED,WALLET,2024-01-03 00:00:00,
RPZ_5ZJYRSJ6,ORD_00338,9446.01,188.92,9257.09,INR,CAPTURED,WALLET,2024-01-07 00:00:00,2024-01-09
RPZ_WJB2MHPS,ORD_00339,5435.4,108.71,5326.69,INR,CAPTURED,DEBIT_CARD,2024-02-01 00:00:00,2024-02-02
RPZ_M4GADT41,ORD_00340,30455.63,609.11,29846.52,INR,CAPTURED,WALLET,2024-01-14 00:00:00,2024-01-16
RPZ_QUL4NZGP,ORD_00341,33388.7,667.77,32720.93,INR,CAPTURED,CREDIT_CARD,2024-02-10 00:00:00,2024-02-13
RPZ_46SPH9T1,ORD_00342,34687.9,693.76,33994.14,INR,CAPTURED,UPI,2024-03-01 00:00:00,2024-03-04
RPZ_PNHVHI5U,ORD_00344,1215.11,24.3,1190.81,INR,CAPTURED,DEBIT_CARD,2024-02-27 00:00:00,2024-03-01
RPZ_D8QWHMNR,ORD_00345,33760.8,675.22,33085.58,INR,CAPTURED,DEBIT_CARD,2024-01-12 00:00:00,2024-01-15
RPZ_KYYCJOJ0,ORD_00346,35406.83,708.14,34698.69,INR,CAPTURED,NET_BANKING,2024-01-13 00:00:00,2024-01-15
RPZ_90HB39EE,ORD_00347,2031.16,40.62,1990.54,INR,CAPTURED,NET_BANKING,2024-03-30 00:00:00,2024-03-31
RPZ_9OHI6E9N,ORD_00348,45214.71,904.29,44310.42,INR,CAPTURED,UPI,2024-01-21 00:00:00,2024-01-22
RPZ_AVML7N2T,ORD_00349,10656.42,213.13,10443.29,INR,CAPTURED,NET_BANKING,2024-03-26 00:00:00,2024-03-28
RPZ_RASIUWR0,ORD_00350,43537.86,870.76,42667.1,INR,CAPTURED,DEBIT_CARD,2024-03-05 00:00:00,2024-03-06
RPZ_K5449V6F,ORD_00352,40475.38,809.51,39665.87,INR,CAPTURED,UPI,2024-01-29 00:00:00,2024-01-30
RPZ_HVYRHNCX,ORD_00353,18496.23,369.92,18126.31,INR,CAPTURED,NET_BANKING,2024-03-07 00:00:00,2024-03-08
RPZ_TE8HFVTF,ORD_00354,44854.51,0.0,44854.51,INR,FAILED,WALLET,2024-01-03 00:00:00,
RPZ_YFVTAH4U,ORD_00355,12511.37,250.23,12261.14,INR,CAPTURED,WALLET,2024-03-06 00:00:00,2024-03-07
RPZ_IX81Y926,ORD_00356,5613.15,112.26,5500.89,INR,CAPTURED,UPI,2024-02-16 00:00:00,2024-02-18
RPZ_9PF507EQ,ORD_00357,30978.95,619.58,30359.37,INR,CAPTURED,UPI,2024-02-12 00:00:00,2024-02-15
RPZ_AD3T55XI,ORD_00358,6128.89,0.0,6128.89,INR,REFUNDED,NET_BANKING,2024-01-16 00:00:00,
RPZ_8I7ZPRJI,ORD_00359,20806.29,416.13,20390.16,INR,CAPTURED,UPI,2024-03-03 00:00:00,2024-03-06
RPZ_23QICYCL,ORD_00360,27473.97,0.0,27473.97,INR,FAILED,UPI,2024-02-01 00:00:00,
RPZ_EMJ26XQ6,ORD_00361,40429.75,0.0,40429.75,INR,FAILED,DEBIT_CARD,2024-02-13 00:00:00,
RPZ_3Z4IJC47,ORD_00362,28139.47,562.79,27576.68,INR,CAPTURED,UPI,2024-03-06 00:00:00,2024-03-07
RPZ_HC1BRZOK,ORD_00363,43152.93,863.06,42289.87,INR,CAPTURED,WALLET,2024-01-12 00:00:00,2024-01-13
RPZ_1FT2L29U,ORD_00364,14602.94,0.0,14602.94,INR,REFUNDED,WALLET,2024-02-26 00:00:00,
RPZ_7JKW2IU2,ORD_00365,18520.53,0.0,18520.53,INR,FAILED,WALLET,2024-01-20 00:00:00,
RPZ_SSYD4DFF,ORD_00366,14490.53,0.0,14490.53,INR,FAILED,DEBIT_CARD,2024-01-24 00:00:00,
RPZ_ODZMO8UU,ORD_00367,12737.36,254.75,12482.61,INR,CAPTURED,CREDIT_CARD,2024-03-27 00:00:00,2024-03-30
RPZ_HV7ZTUQO,ORD_00368,2215.91,44.32,2171.59,INR,CAPTURED,DEBIT_CARD,2024-03-30 00:00:00,2024-04-02
RPZ_VKKD1A20,ORD_00369,2156.88,43.14,2113.74,INR,CAPTURED,NET_BANKING,2024-02-22 00:00:00,2024-02-24
RPZ_XJDZY1EC,ORD_00370,31261.63,0.0,31261.63,INR,REFUNDED,DEBIT_CARD,2024-01-30 00:00:00,
RPZ_YLYEP09Y,ORD_00371,8203.22,0.0,8203.22,INR,FAILED,UPI,2024-01-01 00:00:00,
RPZ_ZD6YV2S8,ORD_00372,19020.79,380.42,18640.37,INR,CAPTURED,UPI,2024-03-04 00:00:00,2024-03-06
RPZ_BGNVWNVV,ORD_00373,20798.21,415.96,20382.25,INR,CAPTURED,DEBIT_CARD,2024-02-05 00:00:00,2024-02-06
RPZ_A7VXBKHJ,ORD_00374,8353.89,167.08,8186.81,INR,CAPTURED,WALLET,2024-03-11 00:00:00,2024-03-14
RPZ_CBQTJ6K4,ORD_00375,17381.72,347.63,17034.09,INR,CAPTURED,CREDIT_CARD,2024-03-08 00:00:00,2024-03-09
RPZ_QJZLR3DJ,ORD_00376,37833.28,756.67,37076.61,INR,CAPTURED,NET_BANKING,2024-02-25 00:00:00,2024-02-27
RPZ_FAD0RP0P,ORD_00377,30379.57,607.59,29771.98,INR,CAPTURED,UPI,2024-01-15 00:00:00,2024-01-17
RPZ_AFOF3C6W,ORD_00378,30684.3,613.69,30070.61,INR,CAPTURED,UPI,2024-01-29 00:00:00,2024-01-31
RPZ_ZJIQGLWZ,ORD_00379,41679.26,0.0,41679.26,INR,REFUNDED,WALLET,2024-03-27 00:00:00,
RPZ_XV1CGIO7,ORD_00380,6038.3,120.77,5917.53,INR,CAPTURED,DEBIT_CARD,2024-03-18 00:00:00,2024-03-20
RPZ_9Z1VPN8D,ORD_00381,17315.04,346.3,16968.74,INR,CAPTURED,DEBIT_CARD,2024-01-02 00:00:00,2024-01-04
RPZ_YPX5LDWL,ORD_00382,990.62,0.0,990.62,INR,REFUNDED,NET_BANKING,2024-03-30 00:00:00,
RPZ_EK9L1IX3,ORD_00383,25099.66,501.99,24597.67,INR,CAPTURED,NET_BANKING,2024-03-02 00:00:00,2024-03-03
RPZ_8L0DD3XO,ORD_00384,42021.16,840.42,41180.74,INR,CAPTURED,WALLET,2024-03-15 00:00:00,2024-03-18
RPZ_FHUXMCGI,ORD_00385,35161.38,703.23,34458.15,INR,CAPTURED,CREDIT_CARD,2024-02-22 00:00:00,2024-02-23
RPZ_5GVK85EX,ORD_00386,16063.71,321.27,15742.44,INR,CAPTURED,CREDIT_CARD,2024-01-13 00:00:00,2024-01-14
RPZ_4W8X7B2J,ORD_00387,41229.87,0.0,41229.87,INR,FAILED,WALLET,2024-02-11 00:00:00,
RPZ_VW6GWFP4,ORD_00388,6415.56,128.31,6287.25,INR,CAPTURED,CREDIT_CARD,2024-01-06 00:00:00,2024-01-09
RPZ_BTG9I15C,ORD_00389,31536.21,630.72,30905.49,INR,CAPTURED,UPI,2024-02-06 00:00:00,2024-02-09
RPZ_DDVUJQVN,ORD_00390,21854.68,437.09,21417.59,INR,CAPTURED,NET_BANKING,2024-03-09 00:00:00,2024-03-12
RPZ_E4ZMGXOI,ORD_00391,7698.3,153.97,7544.33,INR,CAPTURED,UPI,2024-03-30 00:00:00,2024-04-01
RPZ_J5E8GA9R,ORD_00392,42977.17,859.54,42117.63,INR,CAPTURED,CREDIT_CARD,2024-02-03 00:00:00,2024-02-05
RPZ_NMLCFCNY,ORD_00393,21514.55,0.0,21514.55,INR,REFUNDED,CREDIT_CARD,2024-01-11 00:00:00,
RPZ_OQ187B9R,ORD_00394,46780.26,935.61,45844.65,INR,CAPTURED,NET_BANKING,2024-01-19 00:00:00,2024-01-21
RPZ_XJ276HVU,ORD_00395,43848.98,876.98,42972.0,INR,CAPTURED,DEBIT_CARD,2024-02-18 00:00:00,2024-02-21
RPZ_C06JSPE6,ORD_00396,44315.87,0.0,44315.87,INR,REFUNDED,NET_BANKING,2024-03-07 00:00:00,
RPZ_CHOP45WB,ORD_00397,33782.63,675.65,33106.98,INR,CAPTURED,WALLET,2024-01-16 00:00:00,2024-01-18
RPZ_M1NN7H7F,ORD_00398,17530.72,350.61,17180.11,INR,CAPTURED,UPI,2024-03-22 00:00:00,2024-03-25
RPZ_SI7QB029,ORD_00399,10918.85,0.0,10918.85,INR,REFUNDED,CREDIT_CARD,2024-02-10 00:00:00,
RPZ_FT44I21V,ORD_00400,37295.91,745.92,36549.99,INR,CAPTURED,DEBIT_CARD,2024-01-09 00:00:00,2024-01-10
RPZ_0PBFPUGK,ORD_00401,40667.72,813.35,39854.37,INR,CAPTURED,WALLET,2024-01-30 00:00:00,2024-02-02
RPZ_WABM14JJ,ORD_00402,42887.72,0.0,42887.72,INR,FAILED,NET_BANKING,2024-01-25 00:00:00,
RPZ_LE0OLKY4,ORD_00403,32967.22,0.0,32967.22,INR,FAILED,CREDIT_CARD,2024-01-16 00:00:00,
RPZ_2FJW52GC,ORD_00404,42536.52,0.0,42536.52,INR,FAILED,WALLET,2024-01-22 00:00:00,
RPZ_PII3HMJA,ORD_00405,45693.73,0.0,45693.73,INR,REFUNDED,DEBIT_CARD,2024-01-03 00:00:00,
RPZ_7TRRL8B7,ORD_00406,20420.67,408.41,20012.26,INR,CAPTURED,NET_BANKING,2024-03-18 00:00:00,2024-03-19
RPZ_DQ3UNTDK,ORD_00407,38844.05,776.88,38067.17,INR,CAPTURED,WALLET,2024-01-24 00:00:00,2024-01-27
RPZ_REMDWTGH,ORD_00408,34840.1,696.8,34143.3,INR,CAPTURED,CREDIT_CARD,2024-01-19 00:00:00,2024-01-20
RPZ_BYURSY7T,ORD_00409,1858.43,37.17,1821.26,INR,CAPTURED,UPI,2024-01-17 00:00:00,2024-01-19
RPZ_KM3T0H12,ORD_00410,3222.04,64.44,3157.6,INR,CAPTURED,WALLET,2024-03-28 00:00:00,2024-03-31
RPZ_1WQGJC6E,ORD_00411,11564.22,0.0,11564.22,INR,FAILED,DEBIT_CARD,2024-01-17 00:00:00,
RPZ_3BX7FEMR,ORD_00412,46196.53,923.93,45272.6,INR,CAPTURED,NET_BANKING,2024-03-11 00:00:00,2024-03-13
RPZ_QDPLKOV7,ORD_00413,37476.43,749.53,36726.9,INR,CAPTURED,CREDIT_CARD,2024-02-28 00:00:00,2024-03-01
RPZ_45XXLY2G,ORD_00415,42532.7,850.65,41682.05,INR,CAPTURED,NET_BANKING,2024-01-19 00:00:00,2024-01-20
RPZ_DZQ7VNVC,ORD_00416,16025.36,320.51,15704.85,INR,CAPTURED,NET_BANKING,2024-02-07 00:00:00,2024-02-10
RPZ_LZZD0W67,ORD_00417,23286.57,0.0,23286.57,INR,FAILED,NET_BANKING,2024-03-08 00:00:00,
RPZ_2AWY73NG,ORD_00418,8525.25,170.5,8354.75,INR,CAPTURED,WALLET,2024-03-05 00:00:00,2024-03-07
RPZ_U4AGARAM,ORD_00419,41397.64,0.0,41397.64,INR,REFUNDED,WALLET,2024-02-15 00:00:00,
RPZ_7P147SFK,ORD_00420,39508.46,790.17,38718.29,INR,CAPTURED,CREDIT_CARD,2024-01-29 00:00:00,2024-02-01
RPZ_CGJGUJIW,ORD_00421,14200.94,284.02,13916.92,INR,CAPTURED,WALLET,2024-03-27 00:00:00,2024-03-30
RPZ_HP2AO8AM,ORD_00422,32880.49,657.61,32222.88,INR,CAPTURED,CREDIT_CARD,2024-01-19 00:00:00,2024-01-20
RPZ_3RTGXQK3,ORD_00423,4187.21,83.74,4103.47,INR,CAPTURED,UPI,2024-01-06 00:00:00,2024-01-09
RPZ_BSYWM83D,ORD_00424,6035.06,120.7,5914.36,INR,CAPTURED,CREDIT_CARD,2024-03-18 00:00:00,2024-03-20
RPZ_LNGA7WOE,ORD_00425,37047.99,0.0,37047.99,INR,FAILED,NET_BANKING,2024-01-19 00:00:00,
RPZ_99W8D2TI,ORD_00426,45998.41,919.97,45078.44,INR,CAPTURED,CREDIT_CARD,2024-01-25 00:00:00,2024-01-28
RPZ_1IYOG34E,ORD_00427,38068.86,761.38,37307.48,INR,CAPTURED,UPI,2024-03-08 00:00:00,2024-03-09
RPZ_SSFJ5BW2,ORD_00428,16523.5,330.47,16193.03,INR,CAPTURED,CREDIT_CARD,2024-03-07 00:00:00,2024-03-09
RPZ_5X3ZOXFT,ORD_00430,23671.59,473.43,23198.16,INR,CAPTURED,WALLET,2024-02-21 00:00:00,2024-02-24
RPZ_SM5WWAOV,ORD_00431,3791.94,75.84,3716.1,INR,CAPTURED,CREDIT_CARD,2024-02-26 00:00:00,2024-02-29
RPZ_R9FMFWB6,ORD_00432,13057.82,261.16,12796.66,INR,CAPTURED,DEBIT_CARD,2024-01-27 00:00:00,2024-01-30
RPZ_07MINBCN,ORD_00433,25130.12,0.0,25130.12,INR,FAILED,DEBIT_CARD,2024-02-12 00:00:00,
RPZ_AETYG309,ORD_00434,25114.81,502.3,24612.51,INR,CAPTURED,WALLET,2024-01-28 00:00:00,2024-01-30
RPZ_9XCXVMSQ,ORD_00435,26027.9,0.0,26027.9,INR,REFUNDED,WALLET,2024-02-23 00:00:00,
RPZ_2UWPYSUP,ORD_00436,27516.25,550.33,26965.92,INR,CAPTURED,CREDIT_CARD,2024-01-31 00:00:00,2024-02-01
RPZ_H2V2MZMQ,ORD_00437,33081.49,661.63,32419.86,INR,CAPTURED,UPI,2024-01-07 00:00:00,2024-01-09
RPZ_805U87WI,ORD_00438,11517.0,230.34,11286.66,INR,CAPTURED,DEBIT_CARD,2024-02-25 00:00:00,2024-02-27
RPZ_SF2I2ZMS,ORD_00439,38555.0,771.1,37783.9,INR,CAPTURED,WALLET,2024-02-03 00:00:00,2024-02-04
RPZ_I15FUF9S,ORD_00440,16679.46,333.59,16345.87,INR,CAPTURED,CREDIT_CARD,2024-01-10 00:00:00,2024-01-11
RPZ_2J68FBW2,ORD_00441,36917.78,0.0,36917.78,INR,REFUNDED,DEBIT_CARD,2024-03-08 00:00:00,
RPZ_Z6T1KHXE,ORD_00442,40516.6,810.33,39706.27,INR,CAPTURED,NET_BANKING,2024-03-04 00:00:00,2024-03-06
RPZ_IZF7RMYR,ORD_00443,46813.91,0.0,46813.91,INR,REFUNDED,CREDIT_CARD,2024-01-26 00:00:00,
RPZ_Y6YUYT04,ORD_00444,8507.15,0.0,8507.15,INR,REFUNDED,CREDIT_CARD,2024-01-05 00:00:00,
RPZ_IGANL1VB,ORD_00445,43574.63,0.0,43574.63,INR,REFUNDED,WALLET,2024-03-05 00:00:00,
RPZ_MTG0VI8L,ORD_00446,3249.36,0.0,3249.36,INR,FAILED,DEBIT_CARD,2024-03-17 00:00:00,
RPZ_DPCTNPBE,ORD_00447,4493.44,0.0,4493.44,INR,FAILED,DEBIT_CARD,2024-01-02 00:00:00,
RPZ_PHV4WT1D,ORD_00448,14488.43,0.0,14488.43,INR,REFUNDED,DEBIT_CARD,2024-01-27 00:00:00,
RPZ_D1EDW3QD,ORD_00449,14833.13,0.0,14833.13,INR,FAILED,NET_BANKING,2024-01-30 00:00:00,
RPZ_TFTQKMEZ,ORD_00450,33306.92,666.14,32640.78,INR,CAPTURED,WALLET,2024-02-06 00:00:00,2024-02-08
RPZ_MIIHXOXM,ORD_00451,48407.67,968.15,47439.52,INR,CAPTURED,WALLET,2024-03-19 00:00:00,2024-03-20
RPZ_J8GTPSOV,ORD_00452,19468.08,0.0,19468.08,INR,REFUNDED,WALLET,2024-02-01 00:00:00,
RPZ_K1HBKBE4,ORD_00453,30431.07,608.62,29822.45,INR,CAPTURED,NET_BANKING,2024-03-17 00:00:00,2024-03-20
RPZ_ZX5ZWTYF,ORD_00454,33356.57,667.13,32689.44,INR,CAPTURED,NET_BANKING,2024-02-22 00:00:00,2024-02-25
RPZ_TB7050BR,ORD_00455,47116.28,942.33,46173.95,INR,CAPTURED,WALLET,2024-02-02 00:00:00,2024-02-04
RPZ_QFAFKV4I,ORD_00456,13489.23,269.78,13219.45,INR,CAPTURED,CREDIT_CARD,2024-02-14 00:00:00,2024-02-17
RPZ_MSXEP46Z,ORD_00457,2682.27,53.65,2628.62,INR,CAPTURED,NET_BANKING,2024-03-08 00:00:00,2024-03-09
RPZ_EXY5P63Y,ORD_00458,30309.76,606.2,29703.56,INR,CAPTURED,WALLET,2024-03-10 00:00:00,2024-03-12
RPZ_Y5LUK4DL,ORD_00460,30906.97,618.14,30288.83,INR,CAPTURED,UPI,2024-03-06 00:00:00,2024-03-08
RPZ_BB958MB0,ORD_00461,38941.9,0.0,38941.9,INR,REFUNDED,DEBIT_CARD,2024-02-15 00:00:00,
RPZ_J78H2VUJ,ORD_00462,28283.38,0.0,28283.38,INR,FAILED,DEBIT_CARD,2024-02-09 00:00:00,
RPZ_L9930F4P,ORD_00464,17702.78,0.0,17702.78,INR,FAILED,DEBIT_CARD,2024-02-20 00:00:00,
RPZ_ISP7VGB8,ORD_00465,36416.97,0.0,36416.97,INR,FAILED,NET_BANKING,2024-01-14 00:00:00,
RPZ_WNCZVJOE,ORD_00466,20346.32,406.93,19939.39,INR,CAPTURED,WALLET,2024-01-29 00:00:00,2024-02-01
RPZ_0MZALA84,ORD_00467,27179.58,0.0,27179.58,INR,REFUNDED,DEBIT_CARD,2024-01-20 00:00:00,
RPZ_36G4WZOX,ORD_00468,41931.59,0.0,41931.59,INR,FAILED,DEBIT_CARD,2024-03-02 00:00:00,
RPZ_BFRJDVIM,ORD_00469,30932.99,618.66,30314.33,INR,CAPTURED,DEBIT_CARD,2024-02-21 00:00:00,2024-02-22
RPZ_99E3YIGS,ORD_00470,17422.18,0.0,17422.18,INR,REFUNDED,UPI,2024-02-14 00:00:00,
RPZ_FEHEC6WF,ORD_00471,6506.7,130.13,6376.57,INR,CAPTURED,UPI,2024-03-19 00:00:00,2024-03-21
RPZ_HVSZ8AON,ORD_00472,21335.79,0.0,21335.79,INR,FAILED,DEBIT_CARD,2024-03-23 00:00:00,
RPZ_D7TCMPYI,ORD_00473,4002.37,80.05,3922.32,INR,CAPTURED,WALLET,2024-01-06 00:00:00,2024-01-08
RPZ_B1PKYJ2Q,ORD_00474,31054.47,0.0,31054.47,INR,REFUNDED,CREDIT_CARD,2024-01-24 00:00:00,
RPZ_EVNNH6KW,ORD_00475,24599.02,491.98,24107.04,INR,CAPTURED,UPI,2024-03-06 00:00:00,2024-03-07
RPZ_TGFZ96F7,ORD_00476,44146.08,0.0,44146.08,INR,FAILED,DEBIT_CARD,2024-03-07 00:00:00,
RPZ_Y0P3QQ2J,ORD_00477,37449.5,748.99,36700.51,INR,CAPTURED,WALLET,2024-03-11 00:00:00,2024-03-13
RPZ_UGYBRZUT,ORD_00478,44056.32,0.0,44056.32,INR,REFUNDED,DEBIT_CARD,2024-01-10 00:00:00,
RPZ_96YJ9PXP,ORD_00480,14996.34,0.0,14996.34,INR,REFUNDED,DEBIT_CARD,2024-01-12 00:00:00,
RPZ_A7ED7BSS,ORD_00481,6844.87,136.9,6707.97,INR,CAPTURED,UPI,2024-01-25 00:00:00,2024-01-26
RPZ_CNEIZZP5,ORD_00482,4775.24,95.5,4679.74,INR,CAPTURED,UPI,2024-03-22 00:00:00,2024-03-23
RPZ_W13EOLRU,ORD_00483,32598.7,651.97,31946.73,INR,CAPTURED,CREDIT_CARD,2024-02-17 00:00:00,2024-02-18
RPZ_FNYBRWWH,ORD_00484,6730.04,134.6,6595.44,INR,CAPTURED,DEBIT_CARD,2024-01-10 00:00:00,2024-01-13
RPZ_M6UWEHSE,ORD_00485,28990.42,579.81,28410.61,INR,CAPTURED,NET_BANKING,2024-03-02 00:00:00,2024-03-05
RPZ_35Q04A7W,ORD_00486,19829.12,396.58,19432.54,INR,CAPTURED,CREDIT_CARD,2024-03-21 00:00:00,2024-03-24
RPZ_4TLHAF9V,ORD_00487,5071.68,101.43,4970.25,INR,CAPTURED,UPI,2024-03-30 00:00:00,2024-04-01
RPZ_PAXFELBE,ORD_00489,25548.63,0.0,25548.63,INR,FAILED,CREDIT_CARD,2024-02-12 00:00:00,
RPZ_S93WV97F,ORD_00490,11263.34,225.27,11038.07,INR,CAPTURED,DEBIT_CARD,2024-02-07 00:00:00,2024-02-08
RPZ_ITMAZX0Y,ORD_00491,30876.68,617.53,30259.15,INR,CAPTURED,WALLET,2024-01-09 00:00:00,2024-01-10
RPZ_6E3KBAKI,ORD_00492,45178.44,903.57,44274.87,INR,CAPTURED,WALLET,2024-02-07 00:00:00,2024-02-09
RPZ_3IGO2FO8,ORD_00493,162.51,3.25,159.26,INR,CAPTURED,CREDIT_CARD,2024-01-04 00:00:00,2024-01-07
RPZ_GKW4BNLS,ORD_00494,14666.89,0.0,14666.89,INR,FAILED,CREDIT_CARD,2024-03-30 00:00:00,
RPZ_PY5IBGGX,ORD_00495,5055.05,0.0,5055.05,INR,FAILED,NET_BANKING,2024-03-05 00:00:00,
RPZ_3CQ5KOS5,ORD_00496,44603.53,892.07,43711.46,INR,CAPTURED,NET_BANKING,2024-01-08 00:00:00,2024-01-09
RPZ_C8EQSQLV,ORD_00497,40474.67,809.49,39665.18,INR,CAPTURED,NET_BANKING,2024-03-07 00:00:00,2024-03-08
RPZ_FEKVOC0R,ORD_00498,36740.34,734.81,36005.53,INR,CAPTURED,WALLET,2024-02-17 00:00:00,2024-02-19
RPZ_MGU6SYEU,ORD_00499,42779.02,855.58,41923.44,INR,CAPTURED,UPI,2024-03-28 00:00:00,2024-03-30
RPZ_L3ML1832,ORD_00500,4514.95,90.3,4424.65,INR,CAPTURED,CREDIT_CARD,2024-01-20 00:00:00,2024-01-22
RPZ_XPBW603L,ORD_00501,10346.88,0.0,10346.88,INR,REFUNDED,NET_BANKING,2024-02-16 00:00:00,
RPZ_GVJP4TU7,ORD_00502,18364.43,0.0,18364.43,INR,FAILED,CREDIT_CARD,2024-01-19 00:00:00,
RPZ_QEGD0UYH,ORD_00503,36592.97,731.86,35861.11,INR,CAPTURED,UPI,2024-03-06 00:00:00,2024-03-09
RPZ_7O1FWQ0L,ORD_00504,237.05,4.74,232.31,INR,CAPTURED,NET_BANKING,2024-01-15 00:00:00,2024-01-17
RPZ_ECURNZFN,ORD_00505,4373.98,0.0,4373.98,INR,FAILED,UPI,2024-01-06 00:00:00,
RPZ_GU7D42WO,ORD_00506,11778.59,0.0,11778.59,INR,FAILED,DEBIT_CARD,2024-01-16 00:00:00,
RPZ_BNTO9BR5,ORD_00507,9103.64,182.07,8921.57,INR,CAPTURED,NET_BANKING,2024-03-26 00:00:00,2024-03-28
RPZ_LTGN9I83,ORD_00508,30573.78,611.48,29962.3,INR,CAPTURED,CREDIT_CARD,2024-03-23 00:00:00,2024-03-24
RPZ_50FCWAKV,ORD_00509,40264.93,805.3,39459.63,INR,CAPTURED,NET_BANKING,2024-02-18 00:00:00,2024-02-21
RPZ_ONYEP7E6,ORD_00510,40067.3,0.0,40067.3,INR,FAILED,NET_BANKING,2024-03-25 00:00:00,
RPZ_GO8BCARR,ORD_00511,46043.59,920.87,45122.72,INR,CAPTURED,CREDIT_CARD,2024-01-14 00:00:00,2024-01-15
RPZ_RFVGM1WE,ORD_00512,47005.61,0.0,47005.61,INR,REFUNDED,WALLET,2024-01-06 00:00:00,
RPZ_TKDMU1N3,ORD_00513,46520.17,930.4,45589.77,INR,CAPTURED,WALLET,2024-01-02 00:00:00,2024-01-05
RPZ_ATKTGS5Q,ORD_00514,48728.9,0.0,48728.9,INR,REFUNDED,DEBIT_CARD,2024-02-01 00:00:00,
RPZ_30LT7WMO,ORD_00515,23671.34,473.43,23197.91,INR,CAPTURED,NET_BANKING,2024-02-02 00:00:00,2024-02-03
RPZ_IGQY4Z5D,ORD_00516,47879.34,0.0,47879.34,INR,REFUNDED,CREDIT_CARD,2024-01-16 00:00:00,
RPZ_OA5U6E0H,ORD_00517,40353.56,807.07,39546.49,INR,CAPTURED,NET_BANKING,2024-01-17 00:00:00,2024-01-19
RPZ_H0IZFVVK,ORD_00518,28940.11,578.8,28361.31,INR,CAPTURED,UPI,2024-03-05 00:00:00,2024-03-06
RPZ_I2X7BBN6,ORD_00519,41706.59,834.13,40872.46,INR,CAPTURED,NET_BANKING,2024-01-05 00:00:00,2024-01-07
RPZ_OIAV6K39,ORD_00520,9209.23,184.18,9025.05,INR,CAPTURED,UPI,2024-03-18 00:00:00,2024-03-19
RPZ_AKIR5DGE,ORD_00521,11849.68,236.99,11612.69,INR,CAPTURED,UPI,2024-03-30 00:00:00,2024-04-01
RPZ_VVO1JBD0,ORD_00522,14034.62,0.0,14034.62,INR,FAILED,UPI,2024-01-14 00:00:00,
RPZ_G0I5B3A6,ORD_00523,16218.97,324.38,15894.59,INR,CAPTURED,WALLET,2024-03-22 00:00:00,2024-03-24
RPZ_BH4BAULH,ORD_00524,6791.7,135.83,6655.87,INR,CAPTURED,UPI,2024-01-21 00:00:00,2024-01-22
RPZ_25Z7JC1P,ORD_00525,41982.83,839.66,41143.17,INR,CAPTURED,DEBIT_CARD,2024-01-03 00:00:00,2024-01-05
RPZ_WIB8MDWU,ORD_00526,41066.32,821.33,40244.99,INR,CAPTURED,UPI,2024-01-03 00:00:00,2024-01-04
RPZ_WTPZNA4Z,ORD_00527,36445.89,728.92,35716.97,INR,CAPTURED,DEBIT_CARD,2024-01-09 00:00:00,2024-01-12
RPZ_MIVKN1Q6,ORD_00528,39022.27,0.0,39022.27,INR,REFUNDED,NET_BANKING,2024-01-21 00:00:00,
RPZ_LTM8PWQU,ORD_00529,36118.52,722.37,35396.15,INR,CAPTURED,CREDIT_CARD,2024-02-08 00:00:00,2024-02-11
RPZ_BJ7MG0AP,ORD_00530,16285.91,325.72,15960.19,INR,CAPTURED,WALLET,2024-03-29 00:00:00,2024-04-01
RPZ_ZH5X1U7Z,ORD_00531,20709.32,0.0,20709.32,INR,REFUNDED,UPI,2024-02-23 00:00:00,
RPZ_5GKDONZY,ORD_00532,19509.43,390.19,19119.24,INR,CAPTURED,CREDIT_CARD,2024-03-10 00:00:00,2024-03-11
RPZ_3VG7E07G,ORD_00533,9323.36,186.47,9136.89,INR,CAPTURED,UPI,2024-03-07 00:00:00,2024-03-09
RPZ_MFNU9L4E,ORD_00534,8345.67,166.91,8178.76,INR,CAPTURED,WALLET,2024-02-19 00:00:00,2024-02-20
RPZ_L6T8INMA,ORD_00535,5510.05,110.2,5399.85,INR,CAPTURED,CREDIT_CARD,2024-03-27 00:00:00,2024-03-29
RPZ_6EM400R3,ORD_00536,4561.3,0.0,4561.3,INR,FAILED,CREDIT_CARD,2024-03-20 00:00:00,
RPZ_JWUV92B9,ORD_00538,37851.92,757.04,37094.88,INR,CAPTURED,UPI,2024-03-25 00:00:00,2024-03-26
RPZ_AMSQYOSI,ORD_00539,18038.99,360.78,17678.21,INR,CAPTURED,UPI,2024-01-01 00:00:00,2024-01-04
RPZ_BSCCB5H3,ORD_00540,25900.6,518.01,25382.59,INR,CAPTURED,DEBIT_CARD,2024-02-01 00:00:00,2024-02-04
RPZ_LN79JZAT,ORD_00541,41256.68,0.0,41256.68,INR,REFUNDED,NET_BANKING,2024-01-19 00:00:00,
RPZ_N0XY02DR,ORD_00542,10346.19,0.0,10346.19,INR,REFUNDED,NET_BANKING,2024-03-29 00:00:00,
RPZ_DVB9ZRPA,ORD_00543,41361.25,0.0,41361.25,INR,REFUNDED,NET_BANKING,2024-03-11 00:00:00,
RPZ_G68F2XQI,ORD_00544,12819.87,256.4,12563.47,INR,CAPTURED,CREDIT_CARD,2024-01-03 00:00:00,2024-01-05
RPZ_HIG2O54C,ORD_00545,19566.36,0.0,19566.36,INR,FAILED,UPI,2024-01-06 00:00:00,
RPZ_EN7ZGRHH,ORD_00546,8398.49,167.97,8230.52,INR,CAPTURED,CREDIT_CARD,2024-03-22 00:00:00,2024-03-25
RPZ_5EQHP8YG,ORD_00547,677.89,13.56,664.33,INR,CAPTURED,NET_BANKING,2024-01-20 00:00:00,2024-01-23
RPZ_FWFXTD8Z,ORD_00548,43135.58,0.0,43135.58,INR,FAILED,UPI,2024-02-26 00:00:00,
RPZ_SSE6AX37,ORD_00549,39486.64,789.73,38696.91,INR,CAPTURED,DEBIT_CARD,2024-02-08 00:00:00,2024-02-10
RPZ_VWCMM9PC,ORD_00550,31230.83,624.62,30606.21,INR,CAPTURED,WALLET,2024-02-01 00:00:00,2024-02-04
RPZ_1F0EEUAD,ORD_00551,24073.08,481.46,23591.62,INR,CAPTURED,UPI,2024-01-29 00:00:00,2024-02-01
RPZ_GAYUG257,ORD_00552,10534.17,0.0,10534.17,INR,FAILED,DEBIT_CARD,2024-01-14 00:00:00,
RPZ_WTGW33A0,ORD_00553,34662.91,0.0,34662.91,INR,FAILED,DEBIT_CARD,2024-03-22 00:00:00,
RPZ_P4D0VEK5,ORD_00554,30705.37,614.11,30091.26,INR,CAPTURED,UPI,2024-03-24 00:00:00,2024-03-26
RPZ_MBWFEE4U,ORD_00555,6565.72,131.31,6434.41,INR,CAPTURED,DEBIT_CARD,2024-02-25 00:00:00,2024-02-28
RPZ_MUPZ925H,ORD_00556,13619.13,0.0,13619.13,INR,REFUNDED,UPI,2024-03-26 00:00:00,
RPZ_CNZNB2C3,ORD_00557,15753.46,315.07,15438.39,INR,CAPTURED,CREDIT_CARD,2024-02-21 00:00:00,2024-02-24
RPZ_5AV6EN0J,ORD_00558,24979.37,0.0,24979.37,INR,REFUNDED,WALLET,2024-03-27 00:00:00,
RPZ_212LGA9U,ORD_00559,41397.06,0.0,41397.06,INR,REFUNDED,UPI,2024-01-03 00:00:00,
RPZ_7QYFGA71,ORD_00560,279.58,0.0,279.58,INR,FAILED,UPI,2024-03-22 00:00:00,
RPZ_11OBQK25,ORD_00561,33395.89,0.0,33395.89,INR,FAILED,DEBIT_CARD,2024-03-06 00:00:00,
RPZ_MOU2UEHV,ORD_00562,41205.21,0.0,41205.21,INR,REFUNDED,UPI,2024-01-07 00:00:00,
RPZ_D88VEASH,ORD_00564,34915.59,698.31,34217.28,INR,CAPTURED,UPI,2024-01-17 00:00:00,2024-01-19
RPZ_9V0UO0KP,ORD_00565,39214.09,784.28,38429.81,INR,CAPTURED,UPI,2024-03-28 00:00:00,2024-03-30
RPZ_C2806583,ORD_00566,35299.51,705.99,34593.52,INR,CAPTURED,UPI,2024-03-18 00:00:00,2024-03-20
RPZ_VGDSAGSG,ORD_00567,27847.81,556.96,27290.85,INR,CAPTURED,UPI,2024-01-02 00:00:00,2024-01-04
RPZ_6R7TBZUR,ORD_00568,31040.67,620.81,30419.86,INR,CAPTURED,CREDIT_CARD,2024-03-19 00:00:00,2024-03-22
RPZ_CUI9ZASX,ORD_00570,7287.34,0.0,7287.34,INR,REFUNDED,UPI,2024-03-07 00:00:00,
RPZ_GF1G243W,ORD_00571,49137.64,982.75,48154.89,INR,CAPTURED,UPI,2024-03-28 00:00:00,2024-03-30
RPZ_W1J527L2,ORD_00572,10473.92,0.0,10473.92,INR,REFUNDED,DEBIT_CARD,2024-02-26 00:00:00,
RPZ_X4ZFDCB3,ORD_00573,40144.8,0.0,40144.8,INR,REFUNDED,CREDIT_CARD,2024-02-02 00:00:00,
RPZ_RI32ZO9W,ORD_00574,6462.6,0.0,6462.6,INR,REFUNDED,UPI,2024-03-12 00:00:00,
RPZ_8DWDQQY4,ORD_00575,23927.03,478.54,23448.49,INR,CAPTURED,NET_BANKING,2024-01-24 00:00:00,2024-01-25
RPZ_Z3UMSLQC,ORD_00576,36062.16,721.24,35340.92,INR,CAPTURED,CREDIT_CARD,2024-02-02 00:00:00,2024-02-03
RPZ_2SGRD1CW,ORD_00577,19894.08,397.88,19496.2,INR,CAPTURED,DEBIT_CARD,2024-02-21 00:00:00,2024-02-24
RPZ_Q4WPM4M4,ORD_00578,653.95,0.0,653.95,INR,FAILED,WALLET,2024-03-20 00:00:00,
RPZ_80RT5P2D,ORD_00579,25276.8,0.0,25276.8,INR,FAILED,UPI,2024-01-29 00:00:00,
RPZ_2A6MSJOP,ORD_00580,44078.11,881.56,43196.55,INR,CAPTURED,WALLET,2024-02-12 00:00:00,2024-02-14
RPZ_X3RRO0BY,ORD_00581,48758.86,0.0,48758.86,INR,REFUNDED,NET_BANKING,2024-03-08 00:00:00,
RPZ_HIPZMW59,ORD_00582,36907.06,738.14,36168.92,INR,CAPTURED,DEBIT_CARD,2024-02-10 00:00:00,2024-02-13
RPZ_P3R9BQBF,ORD_00583,46084.38,0.0,46084.38,INR,FAILED,WALLET,2024-03-21 00:00:00,
RPZ_V47RJ49T,ORD_00585,36023.35,720.47,35302.88,INR,CAPTURED,DEBIT_CARD,2024-01-12 00:00:00,2024-01-15
RPZ_NEMEIRE2,ORD_00586,7899.97,0.0,7899.97,INR,REFUNDED,DEBIT_CARD,2024-01-10 00:00:00,
RPZ_CUFCO79H,ORD_00587,34758.87,695.18,34063.69,INR,CAPTURED,WALLET,2024-01-19 00:00:00,2024-01-22
RPZ_VCIJGT20,ORD_00588,28336.16,0.0,28336.16,INR,FAILED,UPI,2024-03-31 00:00:00,
RPZ_B86QL9ET,ORD_00589,124.17,2.48,121.69,INR,CAPTURED,DEBIT_CARD,2024-02-24 00:00:00,2024-02-27
RPZ_BZ1N7U8Y,ORD_00590,49880.98,997.62,48883.36,INR,CAPTURED,NET_BANKING,2024-02-12 00:00:00,2024-02-13
RPZ_UFQTBDIZ,ORD_00591,39445.75,788.91,38656.84,INR,CAPTURED,NET_BANKING,2024-02-02 00:00:00,2024-02-04
RPZ_NHIMVREQ,ORD_00592,40190.26,803.81,39386.45,INR,CAPTURED,UPI,2024-02-07 00:00:00,2024-02-09
RPZ_PXLDOXPF,ORD_00593,21941.48,0.0,21941.48,INR,FAILED,WALLET,2024-01-24 00:00:00,
RPZ_8ASI7MIP,ORD_00595,2163.69,43.27,2120.42,INR,CAPTURED,DEBIT_CARD,2024-03-18 00:00:00,2024-03-20
RPZ_EUOIGY7R,ORD_00596,41915.29,838.31,41076.98,INR,CAPTURED,NET_BANKING,2024-02-25 00:00:00,2024-02-26
RPZ_2R4OX396,ORD_00597,46467.34,0.0,46467.34,INR,FAILED,DEBIT_CARD,2024-03-04 00:00:00,
RPZ_9P0OOYT8,ORD_00598,24583.97,491.68,24092.29,INR,CAPTURED,WALLET,2024-03-17 00:00:00,2024-03-18
RPZ_T63SOS8D,ORD_00599,40177.46,803.55,39373.91,INR,CAPTURED,DEBIT_CARD,2024-01-18 00:00:00,2024-01-19
RPZ_AT00T3PO,ORD_00600,29912.07,0.0,29912.07,INR,FAILED,DEBIT_CARD,2024-02-04 00:00:00,
RPZ_O132048J,ORD_00601,47722.66,0.0,47722.66,INR,REFUNDED,WALLET,2024-02-06 00:00:00,
RPZ_3LXBOWY2,ORD_00602,25971.76,519.44,25452.32,INR,CAPTURED,CREDIT_CARD,2024-01-28 00:00:00,2024-01-29
RPZ_SB7AV2MH,ORD_00603,21534.43,430.69,21103.74,INR,CAPTURED,WALLET,2024-01-04 00:00:00,2024-01-07
RPZ_A2QHKTN8,ORD_00604,8266.39,165.33,8101.06,INR,CAPTURED,WALLET,2024-01-04 00:00:00,2024-01-07
RPZ_EOI6V7Z0,ORD_00605,24063.15,481.26,23581.89,INR,CAPTURED,UPI,2024-03-28 00:00:00,2024-03-30
RPZ_SP1GS1I9,ORD_00606,47588.19,951.76,46636.43,INR,CAPTURED,DEBIT_CARD,2024-02-19 00:00:00,2024-02-22
RPZ_6EJAW69F,ORD_00607,12062.63,0.0,12062.63,INR,REFUNDED,WALLET,2024-01-17 00:00:00,
RPZ_GVTGL0PH,ORD_00608,23292.1,0.0,23292.1,INR,FAILED,WALLET,2024-01-12 00:00:00,
RPZ_8PIGT2V7,ORD_00609,474.37,9.49,464.88,INR,CAPTURED,NET_BANKING,2024-01-05 00:00:00,2024-01-06
RPZ_KWE7XCA9,ORD_00610,10737.61,0.0,10737.61,INR,REFUNDED,NET_BANKING,2024-01-19 00:00:00,
RPZ_8UJVYJY9,ORD_00611,46318.74,926.37,45392.37,INR,CAPTURED,UPI,2024-01-21 00:00:00,2024-01-23
RPZ_F3F6AB6S,ORD_00612,10920.92,218.42,10702.5,INR,CAPTURED,NET_BANKING,2024-03-14 00:00:00,2024-03-16
RPZ_MCNVF50L,ORD_00613,4393.46,0.0,4393.46,INR,REFUNDED,NET_BANKING,2024-03-07 00:00:00,
RPZ_HIZIUIGG,ORD_00614,6214.54,124.29,6090.25,INR,CAPTURED,WALLET,2024-01-16 00:00:00,2024-01-17
RPZ_M0SJA4ZS,ORD_00615,49183.71,0.0,49183.71,INR,REFUNDED,CREDIT_CARD,2024-01-10 00:00:00,
RPZ_UEUFLLQZ,ORD_00616,36229.8,724.6,35505.2,INR,CAPTURED,CREDIT_CARD,2024-03-04 00:00:00,2024-03-06
RPZ_4YI2IX5H,ORD_00617,4160.27,83.21,4077.06,INR,CAPTURED,NET_BANKING,2024-03-04 00:00:00,2024-03-07
RPZ_YC7UDNZ0,ORD_00618,4765.31,95.31,4670.0,INR,CAPTURED,DEBIT_CARD,2024-02-19 00:00:00,2024-02-20
RPZ_BKVSD18A,ORD_00619,2447.9,0.0,2447.9,INR,REFUNDED,CREDIT_CARD,2024-03-02 00:00:00,
RPZ_6I04U4E0,ORD_00620,4620.89,92.42,4528.47,INR,CAPTURED,UPI,2024-03-13 00:00:00,2024-03-16
RPZ_FW12V4MI,ORD_00621,25387.33,507.75,24879.58,INR,CAPTURED,DEBIT_CARD,2024-03-18 00:00:00,2024-03-20
RPZ_QMFFEF4C,ORD_00622,32585.09,651.7,31933.39,INR,CAPTURED,CREDIT_CARD,2024-01-17 00:00:00,2024-01-19
RPZ_5E1Y5ZQB,ORD_00623,31191.86,623.84,30568.02,INR,CAPTURED,WALLET,2024-02-22 00:00:00,2024-02-25
RPZ_IAKTLN2K,ORD_00624,47343.54,946.87,46396.67,INR,CAPTURED,WALLET,2024-01-10 00:00:00,2024-01-11
RPZ_L1LKQF8O,ORD_00625,47949.61,958.99,46990.62,INR,CAPTURED,CREDIT_CARD,2024-01-18 00:00:00,2024-01-19
RPZ_LEXL7A6Q,ORD_00626,6785.94,0.0,6785.94,INR,REFUNDED,NET_BANKING,2024-03-31 00:00:00,
RPZ_MO6MEIQS,ORD_00627,29124.61,0.0,29124.61,INR,REFUNDED,CREDIT_CARD,2024-02-02 00:00:00,
RPZ_D3IQJ45I,ORD_00628,10950.25,0.0,10950.25,INR,REFUNDED,CREDIT_CARD,2024-01-30 00:00:00,
RPZ_WVF4WBGY,ORD_00629,19142.34,382.85,18759.49,INR,CAPTURED,CREDIT_CARD,2024-03-01 00:00:00,2024-03-03
RPZ_BJS5VVYN,ORD_00630,29097.2,581.94,28515.26,INR,CAPTURED,DEBIT_CARD,2024-02-10 00:00:00,2024-02-11
RPZ_7M2OO3DA,ORD_00631,37015.87,0.0,37015.87,INR,FAILED,DEBIT_CARD,2024-02-11 00:00:00,
RPZ_TZ55WKES,ORD_00633,48311.6,966.23,47345.37,INR,CAPTURED,WALLET,2024-03-28 00:00:00,2024-03-29
RPZ_1P121LHB,ORD_00634,37541.63,0.0,37541.63,INR,FAILED,DEBIT_CARD,2024-03-06 00:00:00,
RPZ_2HCLNPUK,ORD_00635,25353.97,507.08,24846.89,INR,CAPTURED,UPI,2024-01-13 00:00:00,2024-01-16
RPZ_5R63EDU3,ORD_00636,11046.92,0.0,11046.92,INR,REFUNDED,CREDIT_CARD,2024-03-25 00:00:00,
RPZ_7LEVDXPL,ORD_00637,13390.25,267.81,13122.44,INR,CAPTURED,NET_BANKING,2024-03-29 00:00:00,2024-03-31
RPZ_03X53ZYA,ORD_00638,21714.88,434.3,21280.58,INR,CAPTURED,UPI,2024-03-23 00:00:00,2024-03-26
RPZ_2LS3V7SK,ORD_00640,3814.79,76.3,3738.49,INR,CAPTURED,DEBIT_CARD,2024-01-01 00:00:00,2024-01-03
RPZ_2N1Q0VQW,ORD_00641,10436.81,208.74,10228.07,INR,CAPTURED,DEBIT_CARD,2024-03-03 00:00:00,2024-03-06
RPZ_7OFBQVWU,ORD_00642,45035.73,0.0,45035.73,INR,FAILED,UPI,2024-02-01 00:00:00,
RPZ_7786B3C5,ORD_00643,42509.79,850.2,41659.59,INR,CAPTURED,CREDIT_CARD,2024-02-22 00:00:00,2024-02-24
RPZ_Q34AAXJT,ORD_00644,36835.46,736.71,36098.75,INR,CAPTURED,CREDIT_CARD,2024-02-20 00:00:00,2024-02-21
RPZ_YS2PTK2M,ORD_00645,448.54,8.97,439.57,INR,CAPTURED,NET_BANKING,2024-02-10 00:00:00,2024-02-13
RPZ_OKRYFQOW,ORD_00646,23249.26,464.99,22784.27,INR,CAPTURED,WALLET,2024-01-12 00:00:00,2024-01-14
RPZ_QJC3CXPI,ORD_00647,935.96,18.72,917.24,INR,CAPTURED,WALLET,2024-02-20 00:00:00,2024-02-22
RPZ_AQTWEUA2,ORD_00648,24180.69,483.61,23697.08,INR,CAPTURED,CREDIT_CARD,2024-02-28 00:00:00,2024-03-01
RPZ_7PH506V9,ORD_00649,47888.54,957.77,46930.77,INR,CAPTURED,CREDIT_CARD,2024-01-19 00:00:00,2024-01-22
RPZ_RM6086AI,ORD_00650,829.46,16.59,812.87,INR,CAPTURED,NET_BANKING,2024-03-04 00:00:00,2024-03-07
RPZ_AKB4FI0E,ORD_00651,49012.9,980.26,48032.64,INR,CAPTURED,NET_BANKING,2024-02-12 00:00:00,2024-02-14
RPZ_54SG9OOR,ORD_00653,14717.35,0.0,14717.35,INR,FAILED,DEBIT_CARD,2024-03-30 00:00:00,
RPZ_I791KIGR,ORD_00654,39626.11,792.52,38833.59,INR,CAPTURED,CREDIT_CARD,2024-01-31 00:00:00,2024-02-03
RPZ_SGMBFZ1F,ORD_00655,27785.28,555.71,27229.57,INR,CAPTURED,NET_BANKING,2024-03-04 00:00:00,2024-03-05
RPZ_82RV45IO,ORD_00656,10619.58,212.39,10407.19,INR,CAPTURED,CREDIT_CARD,2024-01-28 00:00:00,2024-01-29
RPZ_ZQY6P68T,ORD_00657,8396.18,0.0,8396.18,INR,REFUNDED,UPI,2024-03-29 00:00:00,
RPZ_2Q41OWL0,ORD_00658,3187.65,63.75,3123.9,INR,CAPTURED,CREDIT_CARD,2024-01-15 00:00:00,2024-01-18
RPZ_Q2G3K2WB,ORD_00659,30278.64,0.0,30278.64,INR,REFUNDED,UPI,2024-01-01 00:00:00,
RPZ_1IWF9AS0,ORD_00660,4681.09,93.62,4587.47,INR,CAPTURED,NET_BANKING,2024-03-21 00:00:00,2024-03-23
RPZ_52DSSVR8,ORD_00661,22772.31,455.45,22316.86,INR,CAPTURED,CREDIT_CARD,2024-03-07 00:00:00,2024-03-08
RPZ_ZK61LPBY,ORD_00662,21757.53,0.0,21757.53,INR,REFUNDED,NET_BANKING,2024-02-15 00:00:00,
RPZ_XC6MFVGD,ORD_00663,19681.21,0.0,19681.21,INR,REFUNDED,UPI,2024-02-02 00:00:00,
RPZ_00A35K3E,ORD_00664,19033.07,380.66,18652.41,INR,CAPTURED,NET_BANKING,2024-03-31 00:00:00,2024-04-03
RPZ_TCCVWDXD,ORD_00665,34301.09,686.02,33615.07,INR,CAPTURED,DEBIT_CARD,2024-03-28 00:00:00,2024-03-30
RPZ_T1TBM7JK,ORD_00666,16277.29,0.0,16277.29,INR,FAILED,UPI,2024-03-01 00:00:00,
RPZ_4K7J5D55,ORD_00667,8845.07,176.9,8668.17,INR,CAPTURED,WALLET,2024-01-26 00:00:00,2024-01-27
RPZ_UU9U9P3Q,ORD_00668,28786.49,575.73,28210.76,INR,CAPTURED,WALLET,2024-03-25 00:00:00,2024-03-28
RPZ_43Y9ZGWC,ORD_00669,17141.59,342.83,16798.76,INR,CAPTURED,CREDIT_CARD,2024-01-29 00:00:00,2024-01-30
RPZ_2OOO3H9R,ORD_00670,36880.37,737.61,36142.76,INR,CAPTURED,NET_BANKING,2024-03-20 00:00:00,2024-03-23
RPZ_KJQOS4LZ,ORD_00671,9153.8,183.08,8970.72,INR,CAPTURED,DEBIT_CARD,2024-03-30 00:00:00,2024-04-02
RPZ_THTBS8CZ,ORD_00672,25184.43,0.0,25184.43,INR,FAILED,UPI,2024-01-27 00:00:00,
RPZ_KNXEOERP,ORD_00673,44080.72,0.0,44080.72,INR,FAILED,WALLET,2024-03-25 00:00:00,
RPZ_3MXN7ROB,ORD_00674,34891.81,697.84,34193.97,INR,CAPTURED,CREDIT_CARD,2024-03-07 00:00:00,2024-03-09
RPZ_JDA3H1MF,ORD_00675,46680.17,0.0,46680.17,INR,FAILED,WALLET,2024-02-06 00:00:00,
RPZ_ACJZ3Y1U,ORD_00676,19335.07,0.0,19335.07,INR,FAILED,UPI,2024-02-27 00:00:00,
RPZ_ZMUUK6JC,ORD_00677,616.61,12.33,604.28,INR,CAPTURED,UPI,2024-03-21 00:00:00,2024-03-24
RPZ_JU77ZKZZ,ORD_00678,4975.12,0.0,4975.12,INR,REFUNDED,UPI,2024-02-04 00:00:00,
RPZ_D1HN8JLB,ORD_00679,36144.76,722.9,35421.86,INR,CAPTURED,CREDIT_CARD,2024-01-06 00:00:00,2024-01-07
RPZ_KLNMVTHL,ORD_00680,21983.21,439.66,21543.55,INR,CAPTURED,UPI,2024-02-08 00:00:00,2024-02-10
RPZ_J4BV035J,ORD_00681,41720.07,834.4,40885.67,INR,CAPTURED,CREDIT_CARD,2024-03-26 00:00:00,2024-03-28
RPZ_M5KWM8TN,ORD_00682,19481.65,0.0,19481.65,INR,REFUNDED,NET_BANKING,2024-03-27 00:00:00,
RPZ_7A7Y47DG,ORD_00683,40862.2,0.0,40862.2,INR,REFUNDED,NET_BANKING,2024-02-28 00:00:00,
RPZ_RSLQUW2S,ORD_00684,40551.21,811.02,39740.19,INR,CAPTURED,UPI,2024-02-22 00:00:00,2024-02-23
RPZ_T16MVYNT,ORD_00685,19224.96,0.0,19224.96,INR,REFUNDED,NET_BANKING,2024-02-03 00:00:00,
RPZ_HBJPTG6Z,ORD_00686,10351.77,0.0,10351.77,INR,FAILED,DEBIT_CARD,2024-02-11 00:00:00,
RPZ_XCNNHY64,ORD_00687,36595.46,0.0,36595.46,INR,REFUNDED,WALLET,2024-01-08 00:00:00,
RPZ_0F4TBGU8,ORD_00688,25647.04,512.94,25134.1,INR,CAPTURED,CREDIT_CARD,2024-01-02 00:00:00,2024-01-05
RPZ_U447SO9Z,ORD_00689,37456.04,0.0,37456.04,INR,REFUNDED,UPI,2024-02-15 00:00:00,
RPZ_CQVARV37,ORD_00690,105.24,2.1,103.14,INR,CAPTURED,DEBIT_CARD,2024-01-27 00:00:00,2024-01-30
RPZ_JTNOJKE6,ORD_00691,49639.6,0.0,49639.6,INR,FAILED,WALLET,2024-02-29 00:00:00,
RPZ_2XNS8M3W,ORD_00692,44212.88,0.0,44212.88,INR,REFUNDED,NET_BANKING,2024-03-06 00:00:00,
RPZ_7FSU1WUQ,ORD_00693,47990.96,0.0,47990.96,INR,REFUNDED,NET_BANKING,2024-01-28 00:00:00,
RPZ_WE13MGGP,ORD_00694,41836.92,836.74,41000.18,INR,CAPTURED,CREDIT_CARD,2024-03-17 00:00:00,2024-03-20
RPZ_DVVCBKKP,ORD_00695,14583.06,291.66,14291.4,INR,CAPTURED,CREDIT_CARD,2024-02-11 00:00:00,2024-02-13
RPZ_BGHV72ND,ORD_00696,37059.92,741.2,36318.72,INR,CAPTURED,WALLET,2024-01-04 00:00:00,2024-01-05
RPZ_ZNBGC5FS,ORD_00697,34788.03,695.76,34092.27,INR,CAPTURED,NET_BANKING,2024-01-11 00:00:00,2024-01-13
RPZ_P14C24J0,ORD_00698,44763.11,895.26,43867.85,INR,CAPTURED,NET_BANKING,2024-02-23 00:00:00,2024-02-26
RPZ_2KI24JEY,ORD_00699,12539.47,250.79,12288.68,INR,CAPTURED,UPI,2024-03-05 00:00:00,2024-03-08
RPZ_PQXAO5OY,ORD_00700,6056.83,0.0,6056.83,INR,FAILED,NET_BANKING,2024-03-06 00:00:00,
RPZ_RQVIC7F4,ORD_00701,17193.64,343.87,16849.77,INR,CAPTURED,UPI,2024-03-19 00:00:00,2024-03-21
RPZ_PK8CM28V,ORD_00702,18928.11,378.56,18549.55,INR,CAPTURED,CREDIT_CARD,2024-03-31 00:00:00,2024-04-02
RPZ_SID9WO9I,ORD_00704,43246.47,864.93,42381.54,INR,CAPTURED,CREDIT_CARD,2024-01-17 00:00:00,2024-01-18
RPZ_074R6CP0,ORD_00705,46972.38,939.45,46032.93,INR,CAPTURED,DEBIT_CARD,2024-02-21 00:00:00,2024-02-22
RPZ_QRAK0QPP,ORD_00706,11004.46,0.0,11004.46,INR,FAILED,CREDIT_CARD,2024-02-11 00:00:00,
RPZ_GEAVCFV2,ORD_00707,26018.03,520.36,25497.67,INR,CAPTURED,DEBIT_CARD,2024-01-09 00:00:00,2024-01-11
RPZ_LPWB80KP,ORD_00708,36452.58,729.05,35723.53,INR,CAPTURED,UPI,2024-03-03 00:00:00,2024-03-04
RPZ_95V241T7,ORD_00710,41442.29,828.85,40613.44,INR,CAPTURED,NET_BANKING,2024-01-19 00:00:00,2024-01-20
RPZ_1KCU52MP,ORD_00711,37471.74,0.0,37471.74,INR,FAILED,DEBIT_CARD,2024-01-09 00:00:00,
RPZ_0RESB10L,ORD_00712,32708.28,0.0,32708.28,INR,FAILED,UPI,2024-03-28 00:00:00,
RPZ_ZNHB43FL,ORD_00713,36686.47,733.73,35952.74,INR,CAPTURED,UPI,2024-01-27 00:00:00,2024-01-30
RPZ_55TMMCEE,ORD_00714,1149.68,22.99,1126.69,INR,CAPTURED,WALLET,2024-02-08 00:00:00,2024-02-10
RPZ_SSIBIIC8,ORD_00715,41140.59,822.81,40317.78,INR,CAPTURED,WALLET,2024-02-21 00:00:00,2024-02-24
RPZ_AD5NE73Q,ORD_00716,27658.64,553.17,27105.47,INR,CAPTURED,WALLET,2024-01-09 00:00:00,2024-01-12
RPZ_2I7ETVST,ORD_00717,20465.25,409.31,20055.94,INR,CAPTURED,DEBIT_CARD,2024-03-14 00:00:00,2024-03-17
RPZ_OTCYKYJZ,ORD_00718,45920.28,0.0,45920.28,INR,FAILED,UPI,2024-01-13 00:00:00,
RPZ_S35S9UIZ,ORD_00719,21603.73,0.0,21603.73,INR,FAILED,DEBIT_CARD,2024-02-29 00:00:00,
RPZ_KVW2TEM8,ORD_00720,11960.35,239.21,11721.14,INR,CAPTURED,WALLET,2024-03-24 00:00:00,2024-03-26
RPZ_3OXP2H03,ORD_00721,11047.17,0.0,11047.17,INR,REFUNDED,NET_BANKING,2024-03-13 00:00:00,
RPZ_5OK95398,ORD_00722,22636.74,452.73,22184.01,INR,CAPTURED,WALLET,2024-03-03 00:00:00,2024-03-04
RPZ_JHDKYZ05,ORD_00723,38912.04,0.0,38912.04,INR,REFUNDED,UPI,2024-03-04 00:00:00,
RPZ_DRA2I7LR,ORD_00724,37594.75,751.89,36842.86,INR,CAPTURED,UPI,2024-02-18 00:00:00,2024-02-20
RPZ_KD41ZAYD,ORD_00725,25994.96,519.9,25475.06,INR,CAPTURED,WALLET,2024-01-13 00:00:00,2024-01-14
RPZ_FOK0NH9Q,ORD_00726,28336.65,566.73,27769.92,INR,CAPTURED,NET_BANKING,2024-03-14 00:00:00,2024-03-15
RPZ_YZFL90PN,ORD_00727,14248.92,284.98,13963.94,INR,CAPTURED,UPI,2024-03-11 00:00:00,2024-03-14
RPZ_95OQYGKN,ORD_00729,45567.06,0.0,45567.06,INR,FAILED,UPI,2024-02-17 00:00:00,
RPZ_GL8SODZF,ORD_00730,9690.34,0.0,9690.34,INR,FAILED,NET_BANKING,2024-03-03 00:00:00,
RPZ_RECEH09G,ORD_00731,31320.0,626.4,30693.6,INR,CAPTURED,DEBIT_CARD,2024-03-16 00:00:00,2024-03-19
RPZ_ITLZ9QFW,ORD_00732,30680.53,613.61,30066.92,INR,CAPTURED,UPI,2024-02-11 00:00:00,2024-02-14
RPZ_ETA62UFZ,ORD_00733,49171.96,983.44,48188.52,INR,CAPTURED,UPI,2024-03-10 00:00:00,2024-03-11
RPZ_ELOVY2EP,ORD_00734,24447.42,488.95,23958.47,INR,CAPTURED,DEBIT_CARD,2024-03-04 00:00:00,2024-03-06
RPZ_4YOEJ3QP,ORD_00735,35986.51,719.73,35266.78,INR,CAPTURED,WALLET,2024-02-09 00:00:00,2024-02-12
RPZ_A7JTADZ4,ORD_00736,29687.44,0.0,29687.44,INR,REFUNDED,CREDIT_CARD,2024-02-13 00:00:00,
RPZ_FYELWBUR,ORD_00737,4146.85,0.0,4146.85,INR,REFUNDED,UPI,2024-02-22 00:00:00,
RPZ_SOIL83YN,ORD_00738,3657.85,73.16,3584.69,INR,CAPTURED,UPI,2024-01-28 00:00:00,2024-01-31
RPZ_IQ53V5QO,ORD_00739,38335.08,766.7,37568.38,INR,CAPTURED,WALLET,2024-02-10 00:00:00,2024-02-13
RPZ_ZW8GCZSK,ORD_00740,2887.06,57.74,2829.32,INR,CAPTURED,CREDIT_CARD,2024-03-14 00:00:00,2024-03-17
RPZ_ZGUFJFHC,ORD_00741,23889.07,0.0,23889.07,INR,FAILED,UPI,2024-01-11 00:00:00,
RPZ_B4LESUF5,ORD_00742,33661.86,673.24,32988.62,INR,CAPTURED,DEBIT_CARD,2024-01-01 00:00:00,2024-01-03
RPZ_XF9CV266,ORD_00743,11028.1,0.0,11028.1,INR,REFUNDED,DEBIT_CARD,2024-01-16 00:00:00,
RPZ_LWTULXVX,ORD_00744,24637.36,492.75,24144.61,INR,CAPTURED,CREDIT_CARD,2024-01-28 00:00:00,2024-01-31
RPZ_9NKIY980,ORD_00745,18738.9,0.0,18738.9,INR,FAILED,DEBIT_CARD,2024-03-14 00:00:00,
RPZ_INH6HI0Y,ORD_00746,22163.37,0.0,22163.37,INR,FAILED,CREDIT_CARD,2024-01-03 00:00:00,
RPZ_QRMXH9GS,ORD_00747,32156.45,643.13,31513.32,INR,CAPTURED,UPI,2024-01-08 00:00:00,2024-01-10
RPZ_85RDYC0P,ORD_00748,19840.32,396.81,19443.51,INR,CAPTURED,CREDIT_CARD,2024-03-01 00:00:00,2024-03-03
RPZ_2ISOBL95,ORD_00749,7820.63,0.0,7820.63,INR,FAILED,NET_BANKING,2024-02-08 00:00:00,
RPZ_NBTSOPHC,ORD_00750,35682.11,713.64,34968.47,INR,CAPTURED,WALLET,2024-03-24 00:00:00,2024-03-26
RPZ_AMHOKYJC,ORD_00751,19863.25,0.0,19863.25,INR,REFUNDED,NET_BANKING,2024-02-23 00:00:00,
RPZ_H9D1SU6X,ORD_00752,2581.62,0.0,2581.62,INR,FAILED,UPI,2024-01-14 00:00:00,
RPZ_8SQGILMO,ORD_00753,47988.59,959.77,47028.82,INR,CAPTURED,WALLET,2024-01-22 00:00:00,2024-01-24
RPZ_GFQAKQTV,ORD_00754,41145.17,822.9,40322.27,INR,CAPTURED,CREDIT_CARD,2024-02-03 00:00:00,2024-02-06
RPZ_17QCHIPC,ORD_00755,41133.29,822.67,40310.62,INR,CAPTURED,WALLET,2024-03-11 00:00:00,2024-03-12
RPZ_13XLWRWQ,ORD_00756,48777.32,975.55,47801.77,INR,CAPTURED,CREDIT_CARD,2024-03-29 00:00:00,2024-03-31
RPZ_84S3BKEU,ORD_00757,23395.87,467.92,22927.95,INR,CAPTURED,UPI,2024-03-21 00:00:00,2024-03-24
RPZ_F5PUQOKC,ORD_00758,13473.74,0.0,13473.74,INR,REFUNDED,DEBIT_CARD,2024-01-06 00:00:00,
RPZ_1G9WXAW7,ORD_00759,22549.57,0.0,22549.57,INR,FAILED,DEBIT_CARD,2024-01-26 00:00:00,
RPZ_STGRTPDX,ORD_00760,22119.86,442.4,21677.46,INR,CAPTURED,CREDIT_CARD,2024-01-10 00:00:00,2024-01-12
RPZ_DPZNYCAK,ORD_00761,5638.87,112.78,5526.09,INR,CAPTURED,DEBIT_CARD,2024-02-15 00:00:00,2024-02-16
RPZ_J2EBYYWA,ORD_00762,35893.32,717.87,35175.45,INR,CAPTURED,DEBIT_CARD,2024-01-25 00:00:00,2024-01-27
RPZ_ZTJG3EX9,ORD_00763,23040.77,0.0,23040.77,INR,FAILED,WALLET,2024-03-03 00:00:00,
RPZ_6CNQ2K7Z,ORD_00764,2660.57,53.21,2607.36,INR,CAPTURED,NET_BANKING,2024-03-02 00:00:00,2024-03-04
RPZ_HIRMYD0T,ORD_00765,36086.47,0.0,36086.47,INR,FAILED,NET_BANKING,2024-03-24 00:00:00,
RPZ_HRO5D6VX,ORD_00766,5523.44,110.47,5412.97,INR,CAPTURED,DEBIT_CARD,2024-03-14 00:00:00,2024-03-17
RPZ_Z7RWLJU3,ORD_00767,49627.41,992.55,48634.86,INR,CAPTURED,DEBIT_CARD,2024-03-13 00:00:00,2024-03-16
RPZ_3NK1F53V,ORD_00768,37594.56,751.89,36842.67,INR,CAPTURED,NET_BANKING,2024-01-27 00:00:00,2024-01-30
RPZ_AS7ZRMOG,ORD_00769,27189.88,543.8,26646.08,INR,CAPTURED,UPI,2024-03-28 00:00:00,2024-03-30
RPZ_MV79T6XL,ORD_00770,2202.95,0.0,2202.95,INR,REFUNDED,DEBIT_CARD,2024-02-19 00:00:00,
RPZ_G8LL2LAY,ORD_00771,29078.17,581.56,28496.61,INR,CAPTURED,UPI,2024-02-18 00:00:00,2024-02-19
RPZ_HNHOWYFC,ORD_00772,29234.14,584.68,28649.46,INR,CAPTURED,UPI,2024-03-27 00:00:00,2024-03-30
RPZ_P1KBEJ4P,ORD_00773,22644.75,452.89,22191.86,INR,CAPTURED,UPI,2024-01-23 00:00:00,2024-01-24
RPZ_MXESHV7Y,ORD_00774,39784.32,795.69,38988.63,INR,CAPTURED,UPI,2024-02-20 00:00:00,2024-02-23
RPZ_NDN2V87D,ORD_00775,11131.96,222.64,10909.32,INR,CAPTURED,WALLET,2024-01-16 00:00:00,2024-01-17
RPZ_WD7MF03E,ORD_00776,26439.83,528.8,25911.03,INR,CAPTURED,UPI,2024-03-22 00:00:00,2024-03-25
RPZ_V115AIQS,ORD_00777,28489.78,569.8,27919.98,INR,CAPTURED,NET_BANKING,2024-02-25 00:00:00,2024-02-27
RPZ_4EF5GG15,ORD_00778,23429.92,468.6,22961.32,INR,CAPTURED,NET_BANKING,2024-01-20 00:00:00,2024-01-21
RPZ_S1BVRVLG,ORD_00779,25111.75,0.0,25111.75,INR,FAILED,DEBIT_CARD,2024-03-28 00:00:00,
RPZ_SLQNGGDK,ORD_00780,11660.25,0.0,11660.25,INR,REFUNDED,DEBIT_CARD,2024-01-21 00:00:00,
RPZ_C5LI5HFX,ORD_00781,44383.72,0.0,44383.72,INR,FAILED,NET_BANKING,2024-02-06 00:00:00,
RPZ_R7HS6SRT,ORD_00783,31784.92,635.7,31149.22,INR,CAPTURED,CREDIT_CARD,2024-02-06 00:00:00,2024-02-09
RPZ_B5TA37SK,ORD_00784,8009.57,160.19,7849.38,INR,CAPTURED,DEBIT_CARD,2024-02-12 00:00:00,2024-02-14
RPZ_2GE5GDL7,ORD_00785,43109.02,862.18,42246.84,INR,CAPTURED,WALLET,2024-02-14 00:00:00,2024-02-17
RPZ_SFBLXVKH,ORD_00786,38265.97,0.0,38265.97,INR,REFUNDED,DEBIT_CARD,2024-01-14 00:00:00,
RPZ_FEMK29J6,ORD_00787,34044.14,680.88,33363.26,INR,CAPTURED,CREDIT_CARD,2024-02-20 00:00:00,2024-02-21
RPZ_3INC61GH,ORD_00788,17330.62,346.61,16984.01,INR,CAPTURED,CREDIT_CARD,2024-03-08 00:00:00,2024-03-11
RPZ_0ZBR7X07,ORD_00789,463.66,0.0,463.66,INR,REFUNDED,UPI,2024-03-01 00:00:00,
RPZ_G682KJSP,ORD_00790,45475.67,909.51,44566.16,INR,CAPTURED,CREDIT_CARD,2024-02-04 00:00:00,2024-02-07
RPZ_3MSFU5KD,ORD_00791,38037.41,760.75,37276.66,INR,CAPTURED,NET_BANKING,2024-01-29 00:00:00,2024-01-31
RPZ_0O7NF1RY,ORD_00792,24112.7,482.25,23630.45,INR,CAPTURED,NET_BANKING,2024-02-13 00:00:00,2024-02-14
RPZ_AG53JHM0,ORD_00793,16368.47,0.0,16368.47,INR,REFUNDED,NET_BANKING,2024-02-01 00:00:00,
RPZ_LI264BJH,ORD_00794,2434.35,48.69,2385.66,INR,CAPTURED,WALLET,2024-01-24 00:00:00,2024-01-26
RPZ_6DQEZIV7,ORD_00795,13903.64,278.07,13625.57,INR,CAPTURED,UPI,2024-02-15 00:00:00,2024-02-16
RPZ_87Q7JL6X,ORD_00796,3123.22,62.46,3060.76,INR,CAPTURED,NET_BANKING,2024-02-11 00:00:00,2024-02-14
RPZ_KD1AV29V,ORD_00797,7526.7,150.53,7376.17,INR,CAPTURED,NET_BANKING,2024-02-21 00:00:00,2024-02-22
RPZ_RV6AFCQY,ORD_00798,17409.17,348.18,17060.99,INR,CAPTURED,NET_BANKING,2024-03-15 00:00:00,2024-03-17
RPZ_IFMESLB7,ORD_00799,27832.95,0.0,27832.95,INR,REFUNDED,DEBIT_CARD,2024-01-06 00:00:00,
RPZ_NBLV7QEP,ORD_00800,10179.01,203.58,9975.43,INR,CAPTURED,WALLET,2024-03-21 00:00:00,2024-03-24
RPZ_DKKCTM5K,ORD_00801,27017.42,0.0,27017.42,INR,FAILED,CREDIT_CARD,2024-01-08 00:00:00,
RPZ_XXYZOPWT,ORD_00802,20585.26,411.71,20173.55,INR,CAPTURED,DEBIT_CARD,2024-03-17 00:00:00,2024-03-18
RPZ_SKZTWNF2,ORD_00803,5069.12,0.0,5069.12,INR,REFUNDED,NET_BANKING,2024-03-25 00:00:00,
RPZ_W3M4YIRG,ORD_00804,6619.22,132.38,6486.84,INR,CAPTURED,DEBIT_CARD,2024-01-08 00:00:00,2024-01-10
RPZ_3U0UQ5SV,ORD_00805,4556.15,91.12,4465.03,INR,CAPTURED,UPI,2024-03-02 00:00:00,2024-03-03
RPZ_C9JIW10C,ORD_00806,3427.26,68.55,3358.71,INR,CAPTURED,CREDIT_CARD,2024-01-10 00:00:00,2024-01-11
RPZ_TXBHQ1CU,ORD_00807,36013.41,720.27,35293.14,INR,CAPTURED,NET_BANKING,2024-01-16 00:00:00,2024-01-18
RPZ_A0EVQM3O,ORD_00808,47647.27,0.0,47647.27,INR,FAILED,WALLET,2024-03-07 00:00:00,
RPZ_CXFIEMSV,ORD_00810,41687.94,833.76,40854.18,INR,CAPTURED,NET_BANKING,2024-02-04 00:00:00,2024-02-07
RPZ_T46S39GR,ORD_00811,8969.25,0.0,8969.25,INR,FAILED,CREDIT_CARD,2024-03-05 00:00:00,
RPZ_UMORSFNT,ORD_00812,49940.59,0.0,49940.59,INR,FAILED,UPI,2024-03-29 00:00:00,
RPZ_RO2HSK7L,ORD_00813,17667.1,0.0,17667.1,INR,FAILED,CREDIT_CARD,2024-01-22 00:00:00,
RPZ_61NRLEE7,ORD_00814,9938.67,198.77,9739.9,INR,CAPTURED,CREDIT_CARD,2024-01-01 00:00:00,2024-01-03
RPZ_CUVQU34E,ORD_00815,34089.08,0.0,34089.08,INR,FAILED,UPI,2024-01-25 00:00:00,
RPZ_K451WB1C,ORD_00816,48537.58,970.75,47566.83,INR,CAPTURED,CREDIT_CARD,2024-01-06 00:00:00,2024-01-07
RPZ_T5RMR6TV,ORD_00817,34226.94,0.0,34226.94,INR,REFUNDED,NET_BANKING,2024-02-19 00:00:00,
RPZ_F8SH1FS7,ORD_00818,19936.31,398.73,19537.58,INR,CAPTURED,WALLET,2024-01-10 00:00:00,2024-01-13
RPZ_5HJQNDV9,ORD_00819,22943.92,458.88,22485.04,INR,CAPTURED,UPI,2024-01-05 00:00:00,2024-01-06
RPZ_FZPNYOHY,ORD_00820,47390.13,947.8,46442.33,INR,CAPTURED,NET_BANKING,2024-02-19 00:00:00,2024-02-22
RPZ_MTYVOW6F,ORD_00821,30854.37,617.09,30237.28,INR,CAPTURED,CREDIT_CARD,2024-02-24 00:00:00,2024-02-27
RPZ_2NIDHNMA,ORD_00822,27990.03,0.0,27990.03,INR,REFUNDED,CREDIT_CARD,2024-01-13 00:00:00,
RPZ_IB50BBT5,ORD_00824,44705.11,894.1,43811.01,INR,CAPTURED,CREDIT_CARD,2024-01-18 00:00:00,2024-01-19
RPZ_5UFCP7A4,ORD_00825,23250.18,465.0,22785.18,INR,CAPTURED,UPI,2024-01-25 00:00:00,2024-01-26
RPZ_1ZRUKRAF,ORD_00826,19394.5,387.89,19006.61,INR,CAPTURED,UPI,2024-03-13 00:00:00,2024-03-14
RPZ_KUHKFPNE,ORD_00827,43475.2,869.5,42605.7,INR,CAPTURED,DEBIT_CARD,2024-01-01 00:00:00,2024-01-02
RPZ_MFJ7V7PT,ORD_00829,42588.93,851.78,41737.15,INR,CAPTURED,WALLET,2024-02-03 00:00:00,2024-02-06
RPZ_W9NWJ538,ORD_00830,4658.35,93.17,4565.18,INR,CAPTURED,UPI,2024-02-28 00:00:00,2024-03-02
RPZ_S4XZESLF,ORD_00831,43758.36,875.17,42883.19,INR,CAPTURED,WALLET,2024-02-11 00:00:00,2024-02-14
RPZ_4J1FOTAB,ORD_00833,46652.15,933.04,45719.11,INR,CAPTURED,CREDIT_CARD,2024-01-08 00:00:00,2024-01-10
RPZ_25Z6V1CS,ORD_00835,33130.48,662.61,32467.87,INR,CAPTURED,WALLET,2024-02-23 00:00:00,2024-02-24
RPZ_H5VMWQNI,ORD_00836,35530.57,710.61,34819.96,INR,CAPTURED,CREDIT_CARD,2024-01-02 00:00:00,2024-01-03
RPZ_SAC2K8H2,ORD_00837,21194.1,423.88,20770.22,INR,CAPTURED,WALLET,2024-01-11 00:00:00,2024-01-14
RPZ_GCDD7FFC,ORD_00838,27296.62,545.93,26750.69,INR,CAPTURED,UPI,2024-01-30 00:00:00,2024-02-01
RPZ_B1057UV2,ORD_00839,31128.01,622.56,30505.45,INR,CAPTURED,DEBIT_CARD,2024-03-04 00:00:00,2024-03-07
RPZ_36OUCSS9,ORD_00840,18119.98,362.4,17757.58,INR,CAPTURED,UPI,2024-01-27 00:00:00,2024-01-28
RPZ_XF5I6GZO,ORD_00841,27419.47,548.39,26871.08,INR,CAPTURED,CREDIT_CARD,2024-02-12 00:00:00,2024-02-13
RPZ_G73RC5BB,ORD_00842,45359.76,907.2,44452.56,INR,CAPTURED,DEBIT_CARD,2024-02-29 00:00:00,2024-03-03
RPZ_OI92W0Y1,ORD_00843,37679.48,753.59,36925.89,INR,CAPTURED,DEBIT_CARD,2024-03-27 00:00:00,2024-03-28
RPZ_S1NOT6P0,ORD_00844,18012.27,360.25,17652.02,INR,CAPTURED,NET_BANKING,2024-02-25 00:00:00,2024-02-27
RPZ_2RPNTOSJ,ORD_00846,4816.39,96.33,4720.06,INR,CAPTURED,WALLET,2024-03-02 00:00:00,2024-03-03
RPZ_B9FI2WT5,ORD_00847,9943.5,198.87,9744.63,INR,CAPTURED,UPI,2024-02-17 00:00:00,2024-02-20
RPZ_5RBNDUJ4,ORD_00848,9045.9,180.92,8864.98,INR,CAPTURED,CREDIT_CARD,2024-01-26 00:00:00,2024-01-27
RPZ_KPA0XDWA,ORD_00849,43817.63,876.35,42941.28,INR,CAPTURED,NET_BANKING,2024-03-23 00:00:00,2024-03-24
RPZ_Z1SH7Y2V,ORD_00850,26440.86,528.82,25912.04,INR,CAPTURED,NET_BANKING,2024-01-11 00:00:00,2024-01-12
RPZ_O3CEXOBQ,ORD_00851,6154.66,0.0,6154.66,INR,FAILED,WALLET,2024-01-27 00:00:00,
RPZ_CYUMJ7GM,ORD_00852,1826.39,0.0,1826.39,INR,REFUNDED,UPI,2024-03-29 00:00:00,
RPZ_IO53AJXD,ORD_00853,48623.08,972.46,47650.62,INR,CAPTURED,NET_BANKING,2024-02-25 00:00:00,2024-02-28
RPZ_LGUXR4L3,ORD_00854,6623.7,132.47,6491.23,INR,CAPTURED,CREDIT_CARD,2024-03-17 00:00:00,2024-03-18
RPZ_KTQ8YZ2O,ORD_00855,32546.31,650.93,31895.38,INR,CAPTURED,DEBIT_CARD,2024-01-27 00:00:00,2024-01-30
RPZ_7R9H6IYP,ORD_00856,22172.24,443.44,21728.8,INR,CAPTURED,CREDIT_CARD,2024-01-26 00:00:00,2024-01-28
RPZ_7YIIUJGL,ORD_00857,36820.57,736.41,36084.16,INR,CAPTURED,CREDIT_CARD,2024-03-04 00:00:00,2024-03-05
RPZ_U00QU5YF,ORD_00858,42849.37,856.99,41992.38,INR,CAPTURED,NET_BANKING,2024-02-10 00:00:00,2024-02-12
RPZ_02QJUFG1,ORD_00859,5314.58,0.0,5314.58,INR,FAILED,NET_BANKING,2024-02-16 00:00:00,
RPZ_32TNQP2P,ORD_00860,48503.59,970.07,47533.52,INR,CAPTURED,NET_BANKING,2024-03-05 00:00:00,2024-03-07
RPZ_2RSD509D,ORD_00861,37334.76,0.0,37334.76,INR,FAILED,UPI,2024-01-25 00:00:00,
RPZ_6VULTCV5,ORD_00862,33338.44,0.0,33338.44,INR,FAILED,WALLET,2024-01-15 00:00:00,
RPZ_N6F2IJ18,ORD_00863,6639.18,0.0,6639.18,INR,FAILED,CREDIT_CARD,2024-01-27 00:00:00,
RPZ_CK6K1TVK,ORD_00864,34398.2,0.0,34398.2,INR,FAILED,NET_BANKING,2024-01-07 00:00:00,
RPZ_VAPWZLFX,ORD_00866,19538.39,0.0,19538.39,INR,FAILED,DEBIT_CARD,2024-03-05 00:00:00,
RPZ_VYOIAA8A,ORD_00867,45750.38,915.01,44835.37,INR,CAPTURED,NET_BANKING,2024-02-08 00:00:00,2024-02-09
RPZ_VZRN23KK,ORD_00868,44527.34,890.55,43636.79,INR,CAPTURED,UPI,2024-02-22 00:00:00,2024-02-25
RPZ_1VXVYILT,ORD_00869,46467.47,929.35,45538.12,INR,CAPTURED,WALLET,2024-03-22 00:00:00,2024-03-24
RPZ_LI5P3D21,ORD_00870,46977.41,0.0,46977.41,INR,REFUNDED,NET_BANKING,2024-01-31 00:00:00,
RPZ_R5CSVAXP,ORD_00871,41566.66,0.0,41566.66,INR,REFUNDED,DEBIT_CARD,2024-01-22 00:00:00,
RPZ_JK6R4MDZ,ORD_00872,7060.66,141.21,6919.45,INR,CAPTURED,WALLET,2024-03-28 00:00:00,2024-03-30
RPZ_2ZVYWBQO,ORD_00873,10755.3,0.0,10755.3,INR,FAILED,CREDIT_CARD,2024-01-02 00:00:00,
RPZ_W5N5EEDH,ORD_00874,31131.94,0.0,31131.94,INR,REFUNDED,CREDIT_CARD,2024-02-25 00:00:00,
RPZ_ILX9I35N,ORD_00875,13413.66,268.27,13145.39,INR,CAPTURED,NET_BANKING,2024-02-03 00:00:00,2024-02-06
RPZ_4NDZY83Q,ORD_00876,21365.21,427.3,20937.91,INR,CAPTURED,UPI,2024-03-28 00:00:00,2024-03-30
RPZ_F1ZKF5TJ,ORD_00877,42279.03,845.58,41433.45,INR,CAPTURED,NET_BANKING,2024-03-02 00:00:00,2024-03-03
RPZ_TDMNNNZ3,ORD_00878,19387.91,387.76,19000.15,INR,CAPTURED,UPI,2024-01-27 00:00:00,2024-01-29
RPZ_7YIZ6M70,ORD_00879,48762.92,975.26,47787.66,INR,CAPTURED,DEBIT_CARD,2024-02-09 00:00:00,2024-02-12
RPZ_2UZ6F55T,ORD_00880,45155.01,903.1,44251.91,INR,CAPTURED,CREDIT_CARD,2024-02-11 00:00:00,2024-02-13
RPZ_P7YBPTYF,ORD_00882,21910.35,438.21,21472.14,INR,CAPTURED,CREDIT_CARD,2024-02-01 00:00:00,2024-02-04
RPZ_YNTS8X11,ORD_00883,6327.95,126.56,6201.39,INR,CAPTURED,WALLET,2024-03-27 00:00:00,2024-03-30
RPZ_3O8K85HJ,ORD_00884,5962.22,119.24,5842.98,INR,CAPTURED,CREDIT_CARD,2024-01-01 00:00:00,2024-01-02
RPZ_XEM1T96R,ORD_00885,30438.0,608.76,29829.24,INR,CAPTURED,CREDIT_CARD,2024-01-12 00:00:00,2024-01-15
RPZ_BSZ5X77M,ORD_00886,48165.68,963.31,47202.37,INR,CAPTURED,UPI,2024-02-25 00:00:00,2024-02-26
RPZ_MR6429RO,ORD_00887,49754.94,0.0,49754.94,INR,FAILED,WALLET,2024-02-14 00:00:00,
RPZ_VRFYIFT3,ORD_00888,25874.09,0.0,25874.09,INR,REFUNDED,CREDIT_CARD,2024-01-18 00:00:00,
RPZ_K3HA2PAN,ORD_00889,15909.19,0.0,15909.19,INR,FAILED,DEBIT_CARD,2024-02-15 00:00:00,
RPZ_N9GIJQ7P,ORD_00890,14051.53,281.03,13770.5,INR,CAPTURED,UPI,2024-01-18 00:00:00,2024-01-20
RPZ_Z6A4SKWN,ORD_00891,42360.31,847.21,41513.1,INR,CAPTURED,NET_BANKING,2024-03-06 00:00:00,2024-03-07
RPZ_9L0PJV9B,ORD_00892,31738.04,634.76,31103.28,INR,CAPTURED,NET_BANKING,2024-01-05 00:00:00,2024-01-06
RPZ_07UJZZTR,ORD_00893,30843.75,0.0,30843.75,INR,REFUNDED,CREDIT_CARD,2024-01-19 00:00:00,
RPZ_9SOILQCY,ORD_00894,8106.95,0.0,8106.95,INR,FAILED,NET_BANKING,2024-01-04 00:00:00,
RPZ_5Q0BANTJ,ORD_00895,16195.23,323.9,15871.33,INR,CAPTURED,NET_BANKING,2024-01-31 00:00:00,2024-02-02
RPZ_YGK89OZ4,ORD_00896,25304.01,506.08,24797.93,INR,CAPTURED,DEBIT_CARD,2024-02-20 00:00:00,2024-02-22
RPZ_6L7RE04R,ORD_00897,16692.72,333.85,16358.87,INR,CAPTURED,CREDIT_CARD,2024-01-06 00:00:00,2024-01-07
RPZ_LXPM4Y1K,ORD_00898,25102.96,502.06,24600.9,INR,CAPTURED,UPI,2024-03-05 00:00:00,2024-03-07
RPZ_FICSFRRH,ORD_00899,40179.7,0.0,40179.7,INR,FAILED,CREDIT_CARD,2024-03-29 00:00:00,
RPZ_BEH3R5Z9,ORD_00900,37153.43,0.0,37153.43,INR,FAILED,UPI,2024-02-12 00:00:00,
RPZ_SDLXYZNW,ORD_00901,31635.49,0.0,31635.49,INR,REFUNDED,WALLET,2024-02-11 00:00:00,
RPZ_BR2HEWTK,ORD_00902,46151.46,0.0,46151.46,INR,FAILED,UPI,2024-01-07 00:00:00,
RPZ_YGK59Q16,ORD_00903,2030.09,0.0,2030.09,INR,REFUNDED,NET_BANKING,2024-03-25 00:00:00,
RPZ_REXFK8E6,ORD_00904,24027.78,480.56,23547.22,INR,CAPTURED,UPI,2024-02-13 00:00:00,2024-02-15
RPZ_DYA3B903,ORD_00905,30408.89,0.0,30408.89,INR,REFUNDED,DEBIT_CARD,2024-03-16 00:00:00,
RPZ_H6L33U3K,ORD_00906,851.77,17.04,834.73,INR,CAPTURED,UPI,2024-01-16 00:00:00,2024-01-19
RPZ_IU6S3O9K,ORD_00907,44305.88,886.12,43419.76,INR,CAPTURED,NET_BANKING,2024-03-14 00:00:00,2024-03-16
RPZ_HXU464IT,ORD_00908,49880.64,0.0,49880.64,INR,FAILED,WALLET,2024-03-26 00:00:00,
RPZ_JXGK4VOA,ORD_00909,17954.49,0.0,17954.49,INR,REFUNDED,NET_BANKING,2024-01-13 00:00:00,
RPZ_C60WIHSI,ORD_00910,34743.27,0.0,34743.27,INR,FAILED,CREDIT_CARD,2024-02-23 00:00:00,
RPZ_MSJGODD7,ORD_00911,34865.45,697.31,34168.14,INR,CAPTURED,CREDIT_CARD,2024-01-08 00:00:00,2024-01-09
RPZ_BUXC6YF6,ORD_00912,16450.03,0.0,16450.03,INR,FAILED,UPI,2024-03-21 00:00:00,
RPZ_SFK5TF7R,ORD_00913,42613.07,852.26,41760.81,INR,CAPTURED,DEBIT_CARD,2024-01-18 00:00:00,2024-01-19
RPZ_AILZVRX6,ORD_00914,8205.0,0.0,8205.0,INR,REFUNDED,WALLET,2024-02-06 00:00:00,
RPZ_SLOU81G4,ORD_00915,34751.7,695.03,34056.67,INR,CAPTURED,UPI,2024-02-04 00:00:00,2024-02-07
RPZ_B69DYG1Y,ORD_00916,46835.08,0.0,46835.08,INR,REFUNDED,DEBIT_CARD,2024-03-22 00:00:00,
RPZ_I5YFAZ4E,ORD_00917,25812.35,516.25,25296.1,INR,CAPTURED,UPI,2024-03-13 00:00:00,2024-03-15
RPZ_CHJLLMIP,ORD_00918,16663.7,333.27,16330.43,INR,CAPTURED,WALLET,2024-01-13 00:00:00,2024-01-14
RPZ_M5DG2WRW,ORD_00919,23076.44,461.53,22614.91,INR,CAPTURED,CREDIT_CARD,2024-02-26 00:00:00,2024-02-28
RPZ_R5IK0SZ1,ORD_00920,17974.12,0.0,17974.12,INR,REFUNDED,CREDIT_CARD,2024-01-30 00:00:00,
RPZ_WAFZQGBH,ORD_00921,20832.86,416.66,20416.2,INR,CAPTURED,WALLET,2024-01-19 00:00:00,2024-01-21
RPZ_BBM1I7VS,ORD_00922,48213.6,0.0,48213.6,INR,REFUNDED,WALLET,2024-03-31 00:00:00,
RPZ_RZKSS4C1,ORD_00923,10908.48,0.0,10908.48,INR,FAILED,DEBIT_CARD,2024-01-30 00:00:00,
RPZ_60LTH0FE,ORD_00924,15167.03,0.0,15167.03,INR,FAILED,DEBIT_CARD,2024-03-28 00:00:00,
RPZ_FDZO0SPU,ORD_00925,37889.76,757.8,37131.96,INR,CAPTURED,CREDIT_CARD,2024-01-05 00:00:00,2024-01-07
RPZ_1YKNO87O,ORD_00926,16534.31,330.69,16203.62,INR,CAPTURED,CREDIT_CARD,2024-03-14 00:00:00,2024-03-16
RPZ_X378QZE5,ORD_00927,14557.76,291.16,14266.6,INR,CAPTURED,NET_BANKING,2024-03-12 00:00:00,2024-03-15
RPZ_E7WE156E,ORD_00928,40491.94,0.0,40491.94,INR,FAILED,WALLET,2024-03-01 00:00:00,
RPZ_1WBLU23I,ORD_00929,41126.46,822.53,40303.93,INR,CAPTURED,CREDIT_CARD,2024-02-07 00:00:00,2024-02-08
RPZ_16O94W5P,ORD_00930,45459.3,909.19,44550.11,INR,CAPTURED,WALLET,2024-01-04 00:00:00,2024-01-06
RPZ_2AGD00CT,ORD_00931,21471.83,0.0,21471.83,INR,REFUNDED,CREDIT_CARD,2024-01-16 00:00:00,
RPZ_LV6UOYFK,ORD_00932,39114.46,782.29,38332.17,INR,CAPTURED,CREDIT_CARD,2024-02-22 00:00:00,2024-02-24
RPZ_LM5L1TND,ORD_00933,5345.63,0.0,5345.63,INR,FAILED,DEBIT_CARD,2024-01-27 00:00:00,
RPZ_J1BJ38TO,ORD_00934,5429.85,108.6,5321.25,INR,CAPTURED,WALLET,2024-02-18 00:00:00,2024-02-21
RPZ_FSBOV2HX,ORD_00935,46889.17,0.0,46889.17,INR,FAILED,DEBIT_CARD,2024-03-27 00:00:00,
RPZ_NTIMW0SE,ORD_00936,41725.34,0.0,41725.34,INR,FAILED,CREDIT_CARD,2024-02-11 00:00:00,
RPZ_V8PYD8QI,ORD_00937,11486.38,229.73,11256.65,INR,CAPTURED,NET_BANKING,2024-03-30 00:00:00,2024-04-01
RPZ_S7WKC06R,ORD_00938,30797.88,615.96,30181.92,INR,CAPTURED,UPI,2024-03-12 00:00:00,2024-03-15
RPZ_UZJTAD5G,ORD_00939,20885.19,417.7,20467.49,INR,CAPTURED,NET_BANKING,2024-02-29 00:00:00,2024-03-02
RPZ_0KDPAWA4,ORD_00940,36867.98,737.36,36130.62,INR,CAPTURED,DEBIT_CARD,2024-02-21 00:00:00,2024-02-23
RPZ_RBG61DN3,ORD_00941,10531.34,210.63,10320.71,INR,CAPTURED,UPI,2024-03-27 00:00:00,2024-03-29
RPZ_34O1FB70,ORD_00942,18935.87,378.72,18557.15,INR,CAPTURED,NET_BANKING,2024-03-19 00:00:00,2024-03-20
RPZ_ZCNIMYHM,ORD_00943,19831.43,396.63,19434.8,INR,CAPTURED,CREDIT_CARD,2024-03-01 00:00:00,2024-03-03
RPZ_CJ2ME9IY,ORD_00944,16352.56,0.0,16352.56,INR,FAILED,UPI,2024-02-11 00:00:00,
RPZ_OIWKZNDI,ORD_00945,6289.44,125.79,6163.65,INR,CAPTURED,NET_BANKING,2024-01-16 00:00:00,2024-01-17
RPZ_6DS6W8QZ,ORD_00946,44155.5,883.11,43272.39,INR,CAPTURED,DEBIT_CARD,2024-01-17 00:00:00,2024-01-18
RPZ_0TCMXMMX,ORD_00947,5401.42,108.03,5293.39,INR,CAPTURED,UPI,2024-02-07 00:00:00,2024-02-08
RPZ_OMXL6YID,ORD_00948,36948.91,0.0,36948.91,INR,REFUNDED,DEBIT_CARD,2024-02-06 00:00:00,
RPZ_TCJYJD9L,ORD_00949,35815.2,716.3,35098.9,INR,CAPTURED,UPI,2024-01-18 00:00:00,2024-01-19
RPZ_I3C3PULE,ORD_00950,2054.71,41.09,2013.62,INR,CAPTURED,CREDIT_CARD,2024-03-02 00:00:00,2024-03-05
RPZ_FZ2M7V64,ORD_00951,25311.45,0.0,25311.45,INR,FAILED,NET_BANKING,2024-03-06 00:00:00,
RPZ_ZMTAK070,ORD_00952,27946.48,558.93,27387.55,INR,CAPTURED,WALLET,2024-03-01 00:00:00,2024-03-02
RPZ_0VVS4USP,ORD_00953,2793.4,0.0,2793.4,INR,FAILED,CREDIT_CARD,2024-03-05 00:00:00,
RPZ_WK6WSH4I,ORD_00954,7927.62,158.55,7769.07,INR,CAPTURED,UPI,2024-01-28 00:00:00,2024-01-30
RPZ_0FW5LCMN,ORD_00955,2628.89,52.58,2576.31,INR,CAPTURED,CREDIT_CARD,2024-02-17 00:00:00,2024-02-20
RPZ_Z7YCQP9Z,ORD_00956,18114.79,362.3,17752.49,INR,CAPTURED,CREDIT_CARD,2024-02-29 00:00:00,2024-03-02
RPZ_RIL2S7MK,ORD_00957,31384.13,627.68,30756.45,INR,CAPTURED,NET_BANKING,2024-03-10 00:00:00,2024-03-11
RPZ_XIQ95KU1,ORD_00958,208.33,4.17,204.16,INR,CAPTURED,NET_BANKING,2024-01-18 00:00:00,2024-01-20
RPZ_JNL6OVOM,ORD_00960,23204.04,0.0,23204.04,INR,REFUNDED,CREDIT_CARD,2024-02-09 00:00:00,
RPZ_9C0F5OMV,ORD_00961,2087.65,0.0,2087.65,INR,FAILED,UPI,2024-01-01 00:00:00,
RPZ_1D1K8DGF,ORD_00962,6398.77,127.98,6270.79,INR,CAPTURED,UPI,2024-01-21 00:00:00,2024-01-23
RPZ_SGKHCXDE,ORD_00963,47220.68,0.0,47220.68,INR,FAILED,CREDIT_CARD,2024-03-02 00:00:00,
RPZ_X1G04DB0,ORD_00964,8297.36,165.95,8131.41,INR,CAPTURED,DEBIT_CARD,2024-01-23 00:00:00,2024-01-25
RPZ_WLM53G1T,ORD_00965,32091.86,0.0,32091.86,INR,FAILED,WALLET,2024-03-12 00:00:00,
RPZ_680UHZMG,ORD_00966,42354.55,847.09,41507.46,INR,CAPTURED,UPI,2024-02-17 00:00:00,2024-02-18
RPZ_UAMDOCI7,ORD_00967,34330.27,0.0,34330.27,INR,REFUNDED,UPI,2024-03-23 00:00:00,
RPZ_XBXEZ57L,ORD_00968,12009.34,240.19,11769.15,INR,CAPTURED,WALLET,2024-02-11 00:00:00,2024-02-14
RPZ_OFF7NC2E,ORD_00969,39647.17,792.94,38854.23,INR,CAPTURED,NET_BANKING,2024-03-20 00:00:00,2024-03-23
RPZ_FHD528SC,ORD_00970,20597.81,411.96,20185.85,INR,CAPTURED,WALLET,2024-02-11 00:00:00,2024-02-12
RPZ_HCU39Z9U,ORD_00971,45617.15,0.0,45617.15,INR,FAILED,UPI,2024-01-07 00:00:00,
RPZ_WHKE5UNP,ORD_00972,37966.99,759.34,37207.65,INR,CAPTURED,UPI,2024-01-07 00:00:00,2024-01-10
RPZ_WBDZHZOJ,ORD_00975,6069.99,121.4,5948.59,INR,CAPTURED,NET_BANKING,2024-02-29 00:00:00,2024-03-03
RPZ_4AC73NKU,ORD_00976,4132.58,0.0,4132.58,INR,FAILED,DEBIT_CARD,2024-03-18 00:00:00,
RPZ_QTURE60N,ORD_00977,17852.31,357.05,17495.26,INR,CAPTURED,UPI,2024-03-11 00:00:00,2024-03-14
RPZ_CL99MIZN,ORD_00978,48295.7,965.91,47329.79,INR,CAPTURED,UPI,2024-02-24 00:00:00,2024-02-26
RPZ_ANXP6PTS,ORD_00980,36943.03,738.86,36204.17,INR,CAPTURED,CREDIT_CARD,2024-01-15 00:00:00,2024-01-16
RPZ_GT67EFE4,ORD_00981,11544.91,0.0,11544.91,INR,FAILED,DEBIT_CARD,2024-02-01 00:00:00,
RPZ_25C8SJ65,ORD_00982,44134.71,0.0,44134.71,INR,REFUNDED,UPI,2024-03-23 00:00:00,
RPZ_901YA2QM,ORD_00983,4208.88,84.18,4124.7,INR,CAPTURED,DEBIT_CARD,2024-02-10 00:00:00,2024-02-12
RPZ_NRMH54NI,ORD_00984,17635.07,352.7,17282.37,INR,CAPTURED,UPI,2024-02-25 00:00:00,2024-02-26
RPZ_ONSN3Q5W,ORD_00985,2430.64,0.0,2430.64,INR,REFUNDED,NET_BANKING,2024-01-29 00:00:00,
RPZ_4VD4CF4X,ORD_00986,47272.01,0.0,47272.01,INR,FAILED,DEBIT_CARD,2024-01-26 00:00:00,
RPZ_8RVJU5Q7,ORD_00987,30514.55,610.29,29904.26,INR,CAPTURED,CREDIT_CARD,2024-03-21 00:00:00,2024-03-23
RPZ_3EWCR6WJ,ORD_00988,46393.8,927.88,45465.92,INR,CAPTURED,DEBIT_CARD,2024-02-13 00:00:00,2024-02-16
RPZ_UJP6ZS0J,ORD_00989,48718.3,974.37,47743.93,INR,CAPTURED,CREDIT_CARD,2024-02-17 00:00:00,2024-02-18
RPZ_ADEAFDAW,ORD_00990,43469.92,869.4,42600.52,INR,CAPTURED,DEBIT_CARD,2024-01-10 00:00:00,2024-01-12
RPZ_UN519GZ3,ORD_00991,20902.32,0.0,20902.32,INR,FAILED,NET_BANKING,2024-02-09 00:00:00,
RPZ_RJQEG6FU,ORD_00993,36577.71,0.0,36577.71,INR,REFUNDED,CREDIT_CARD,2024-02-10 00:00:00,
RPZ_RXZNFLJ5,ORD_00994,36546.19,730.92,35815.27,INR,CAPTURED,UPI,2024-01-26 00:00:00,2024-01-29
RPZ_ZQ3WWTQZ,ORD_00995,46960.44,939.21,46021.23,INR,CAPTURED,CREDIT_CARD,2024-01-12 00:00:00,2024-01-15
RPZ_UU1UKH7B,ORD_00996,17165.44,0.0,17165.44,INR,FAILED,WALLET,2024-02-11 00:00:00,
RPZ_1IHYOLXI,ORD_00997,44202.0,0.0,44202.0,INR,REFUNDED,WALLET,2024-01-18 00:00:00,
RPZ_VE0D2KIN,ORD_00998,3996.22,0.0,3996.22,INR,FAILED,CREDIT_CARD,2024-02-05 00:00:00,
RPZ_EFU7W8G2,ORD_00999,15518.59,0.0,15518.59,INR,REFUNDED,WALLET,2024-03-25 00:00:00,
RPZ_Q8R127J2,ORD_01000,37349.87,0.0,37349.87,INR,FAILED,WALLET,2024-02-10 00:00:00,
